id;omschrijving_1;pdf_1;omschrijving_2;pdf_2;omschrijving_3;pdf_3
0;blutrot: 26 etiketten;leeg.pdf;blutrot: 420 etiketten;leeg.pdf;schwarz: 210 etiketten;leeg.pdf
1;;201953129zora_5_outline.pdf;;201953129zora_2_outline.pdf;;201953129zora_9_outline.pdf
2;;201953129zora_5_outline.pdf;;201953129zora_2_outline.pdf;;201953129zora_9_outline.pdf
3;;201953129zora_5_outline.pdf;;201953129zora_2_outline.pdf;;201953129zora_9_outline.pdf
0;;stans.pdf;;stans.pdf;;stans.pdf
0;;stans.pdf;;stans.pdf;;stans.pdf
0;;stans.pdf;;stans.pdf;;stans.pdf
0;;stans.pdf;;stans.pdf;;stans.pdf
0;;stans.pdf;;stans.pdf;;stans.pdf
0;;stans.pdf;;stans.pdf;;stans.pdf
0;;stans.pdf;;stans.pdf;;stans.pdf
0;;stans.pdf;;stans.pdf;;stans.pdf
0;;stans.pdf;;stans.pdf;;stans.pdf
0;;stans.pdf;;stans.pdf;;stans.pdf
0;;stans.pdf;;stans.pdf;;stans.pdf
0;;stans.pdf;;stans.pdf;;stans.pdf
0;;stans.pdf;;stans.pdf;;stans.pdf
0;;stans.pdf;;stans.pdf;;stans.pdf
0;;stans.pdf;;stans.pdf;;stans.pdf
0;;stans.pdf;;stans.pdf;;stans.pdf
0;;stans.pdf;;stans.pdf;;stans.pdf
0;;stans.pdf;;stans.pdf;;stans.pdf
0;;stans.pdf;;stans.pdf;;stans.pdf
0;;stans.pdf;;stans.pdf;;stans.pdf
0;;stans.pdf;;stans.pdf;;stans.pdf
0;;stans.pdf;;stans.pdf;;stans.pdf
0;;stans.pdf;;stans.pdf;;stans.pdf
0;;stans.pdf;;stans.pdf;;stans.pdf
0;;stans.pdf;;stans.pdf;;stans.pdf
0;;stans.pdf;;stans.pdf;;stans.pdf
0;;stans.pdf;;stans.pdf;;stans.pdf
0;;stans.pdf;;stans.pdf;;stans.pdf
0;;stans.pdf;;stans.pdf;;stans.pdf
0;;stans.pdf;;stans.pdf;;stans.pdf
0;;stans.pdf;;stans.pdf;;stans.pdf
0;;stans.pdf;;stans.pdf;;stans.pdf
0;;stans.pdf;;stans.pdf;;stans.pdf
0;;stans.pdf;;stans.pdf;;stans.pdf
0;;stans.pdf;;stans.pdf;;stans.pdf
0;;stans.pdf;;stans.pdf;;stans.pdf
0;;stans.pdf;;stans.pdf;;stans.pdf
0;;stans.pdf;;stans.pdf;;stans.pdf
0;;stans.pdf;;stans.pdf;;stans.pdf
0;;stans.pdf;;stans.pdf;;stans.pdf
0;;stans.pdf;;stans.pdf;;stans.pdf
0;;stans.pdf;;stans.pdf;;stans.pdf
0;;stans.pdf;;stans.pdf;;stans.pdf
0;;stans.pdf;;stans.pdf;;stans.pdf
0;;stans.pdf;;stans.pdf;;stans.pdf
0;;stans.pdf;;stans.pdf;;stans.pdf
0;;stans.pdf;;stans.pdf;;stans.pdf
0;;stans.pdf;;stans.pdf;;stans.pdf
0;;stans.pdf;;stans.pdf;;stans.pdf
0;;stans.pdf;;stans.pdf;;stans.pdf
0;;stans.pdf;;stans.pdf;;stans.pdf
0;;stans.pdf;;stans.pdf;;stans.pdf
0;;stans.pdf;;stans.pdf;;stans.pdf
0;;stans.pdf;;stans.pdf;;stans.pdf
0;;stans.pdf;;stans.pdf;;stans.pdf
0;;stans.pdf;;stans.pdf;;stans.pdf
0;;stans.pdf;;stans.pdf;;stans.pdf
0;;stans.pdf;;stans.pdf;;stans.pdf
0;;stans.pdf;;stans.pdf;;stans.pdf
0;;stans.pdf;;stans.pdf;;stans.pdf
0;;stans.pdf;;stans.pdf;;stans.pdf
0;;stans.pdf;;stans.pdf;;stans.pdf
0;;stans.pdf;;stans.pdf;;stans.pdf
0;;stans.pdf;;stans.pdf;;stans.pdf
0;;stans.pdf;;stans.pdf;;stans.pdf
0;;stans.pdf;;stans.pdf;;stans.pdf
0;;stans.pdf;;stans.pdf;;stans.pdf
0;;stans.pdf;;stans.pdf;;stans.pdf
0;;stans.pdf;;stans.pdf;;stans.pdf
0;;stans.pdf;;stans.pdf;;stans.pdf
0;;stans.pdf;;stans.pdf;;stans.pdf
0;;stans.pdf;;stans.pdf;;stans.pdf
0;;stans.pdf;;stans.pdf;;stans.pdf
0;;stans.pdf;;stans.pdf;;stans.pdf
0;;stans.pdf;;stans.pdf;;stans.pdf
0;;stans.pdf;;stans.pdf;;stans.pdf
0;;stans.pdf;;stans.pdf;;stans.pdf
0;;stans.pdf;;stans.pdf;;stans.pdf
0;;stans.pdf;;stans.pdf;;stans.pdf
0;;stans.pdf;;stans.pdf;;stans.pdf
0;;stans.pdf;;stans.pdf;;stans.pdf
0;;stans.pdf;;stans.pdf;;stans.pdf
0;;stans.pdf;;stans.pdf;;stans.pdf
0;;stans.pdf;;stans.pdf;;stans.pdf
0;;stans.pdf;;stans.pdf;;stans.pdf
0;;stans.pdf;;stans.pdf;;stans.pdf
0;;stans.pdf;;stans.pdf;;stans.pdf
0;;stans.pdf;;stans.pdf;;stans.pdf
0;;stans.pdf;;stans.pdf;;stans.pdf
0;;stans.pdf;;stans.pdf;;stans.pdf
0;;stans.pdf;;stans.pdf;;stans.pdf
0;;stans.pdf;;stans.pdf;;stans.pdf
0;;stans.pdf;;stans.pdf;;stans.pdf
0;;stans.pdf;;stans.pdf;;stans.pdf
0;;stans.pdf;;stans.pdf;;stans.pdf
0;;stans.pdf;;stans.pdf;;stans.pdf
0;;stans.pdf;;stans.pdf;;stans.pdf
0;;stans.pdf;;stans.pdf;;stans.pdf
0;;stans.pdf;;stans.pdf;;stans.pdf
0;;stans.pdf;;stans.pdf;;stans.pdf
0;;stans.pdf;;stans.pdf;;stans.pdf
0;;stans.pdf;;stans.pdf;;stans.pdf
0;;stans.pdf;;stans.pdf;;stans.pdf
0;;stans.pdf;;stans.pdf;;stans.pdf
0;;stans.pdf;;stans.pdf;;stans.pdf
0;;stans.pdf;;stans.pdf;;stans.pdf
0;blutrot: 26 etiketten;leeg.pdf;blutrot: 420 etiketten;leeg.pdf;schwarz: 210 etiketten;leeg.pdf
1;;201953129zora_5_outline.pdf;;201953129zora_2_outline.pdf;;201953129zora_9_outline.pdf
2;;201953129zora_5_outline.pdf;;201953129zora_2_outline.pdf;;201953129zora_9_outline.pdf
3;;201953129zora_5_outline.pdf;;201953129zora_2_outline.pdf;;201953129zora_9_outline.pdf
4;;201953129zora_5_outline.pdf;;201953129zora_2_outline.pdf;;201953129zora_9_outline.pdf
5;;201953129zora_5_outline.pdf;;201953129zora_2_outline.pdf;;201953129zora_9_outline.pdf
6;;201953129zora_5_outline.pdf;;201953129zora_2_outline.pdf;;201953129zora_9_outline.pdf
7;;201953129zora_5_outline.pdf;;201953129zora_2_outline.pdf;;201953129zora_9_outline.pdf
8;;201953129zora_5_outline.pdf;;201953129zora_2_outline.pdf;;201953129zora_9_outline.pdf
9;;201953129zora_5_outline.pdf;;201953129zora_2_outline.pdf;;201953129zora_9_outline.pdf
10;;201953129zora_5_outline.pdf;;201953129zora_2_outline.pdf;;201953129zora_9_outline.pdf
11;;201953129zora_5_outline.pdf;;201953129zora_2_outline.pdf;;201953129zora_9_outline.pdf
12;;201953129zora_5_outline.pdf;;201953129zora_2_outline.pdf;;201953129zora_9_outline.pdf
13;;201953129zora_5_outline.pdf;;201953129zora_2_outline.pdf;;201953129zora_9_outline.pdf
14;;201953129zora_5_outline.pdf;;201953129zora_2_outline.pdf;;201953129zora_9_outline.pdf
15;;201953129zora_5_outline.pdf;;201953129zora_2_outline.pdf;;201953129zora_9_outline.pdf
16;;201953129zora_5_outline.pdf;;201953129zora_2_outline.pdf;;201953129zora_9_outline.pdf
17;;201953129zora_5_outline.pdf;;201953129zora_2_outline.pdf;;201953129zora_9_outline.pdf
18;;201953129zora_5_outline.pdf;;201953129zora_2_outline.pdf;;201953129zora_9_outline.pdf
19;;201953129zora_5_outline.pdf;;201953129zora_2_outline.pdf;;201953129zora_9_outline.pdf
20;;201953129zora_5_outline.pdf;;201953129zora_2_outline.pdf;;201953129zora_9_outline.pdf
21;;201953129zora_5_outline.pdf;;201953129zora_2_outline.pdf;;201953129zora_9_outline.pdf
22;;201953129zora_5_outline.pdf;;201953129zora_2_outline.pdf;;201953129zora_9_outline.pdf
23;;201953129zora_5_outline.pdf;;201953129zora_2_outline.pdf;;201953129zora_9_outline.pdf
24;;201953129zora_5_outline.pdf;;201953129zora_2_outline.pdf;;201953129zora_9_outline.pdf
25;;201953129zora_5_outline.pdf;;201953129zora_2_outline.pdf;;201953129zora_9_outline.pdf
26;;201953129zora_5_outline.pdf;;201953129zora_2_outline.pdf;;201953129zora_9_outline.pdf
27;;201953129zora_5_outline.pdf;;201953129zora_2_outline.pdf;;201953129zora_9_outline.pdf
28;;201953129zora_5_outline.pdf;;201953129zora_2_outline.pdf;;201953129zora_9_outline.pdf
29;;201953129zora_5_outline.pdf;;201953129zora_2_outline.pdf;;201953129zora_9_outline.pdf
30;;201953129zora_5_outline.pdf;;201953129zora_2_outline.pdf;;201953129zora_9_outline.pdf
31;blutrot: 26 etiketten;leeg.pdf;;201953129zora_2_outline.pdf;;201953129zora_9_outline.pdf
32;;stans.pdf;;201953129zora_2_outline.pdf;;201953129zora_9_outline.pdf
33;blutrot: 26 etiketten;leeg.pdf;;201953129zora_2_outline.pdf;;201953129zora_9_outline.pdf
34;;201953129zora_6_outline.pdf;;201953129zora_2_outline.pdf;;201953129zora_9_outline.pdf
35;;201953129zora_6_outline.pdf;;201953129zora_2_outline.pdf;;201953129zora_9_outline.pdf
36;;201953129zora_6_outline.pdf;;201953129zora_2_outline.pdf;;201953129zora_9_outline.pdf
37;;201953129zora_6_outline.pdf;;201953129zora_2_outline.pdf;;201953129zora_9_outline.pdf
38;;201953129zora_6_outline.pdf;;201953129zora_2_outline.pdf;;201953129zora_9_outline.pdf
39;;201953129zora_6_outline.pdf;;201953129zora_2_outline.pdf;;201953129zora_9_outline.pdf
40;;201953129zora_6_outline.pdf;;201953129zora_2_outline.pdf;;201953129zora_9_outline.pdf
41;;201953129zora_6_outline.pdf;;201953129zora_2_outline.pdf;;201953129zora_9_outline.pdf
42;;201953129zora_6_outline.pdf;;201953129zora_2_outline.pdf;;201953129zora_9_outline.pdf
43;;201953129zora_6_outline.pdf;;201953129zora_2_outline.pdf;;201953129zora_9_outline.pdf
44;;201953129zora_6_outline.pdf;;201953129zora_2_outline.pdf;;201953129zora_9_outline.pdf
45;;201953129zora_6_outline.pdf;;201953129zora_2_outline.pdf;;201953129zora_9_outline.pdf
46;;201953129zora_6_outline.pdf;;201953129zora_2_outline.pdf;;201953129zora_9_outline.pdf
47;;201953129zora_6_outline.pdf;;201953129zora_2_outline.pdf;;201953129zora_9_outline.pdf
48;;201953129zora_6_outline.pdf;;201953129zora_2_outline.pdf;;201953129zora_9_outline.pdf
49;;201953129zora_6_outline.pdf;;201953129zora_2_outline.pdf;;201953129zora_9_outline.pdf
50;;201953129zora_6_outline.pdf;;201953129zora_2_outline.pdf;;201953129zora_9_outline.pdf
51;;201953129zora_6_outline.pdf;;201953129zora_2_outline.pdf;;201953129zora_9_outline.pdf
52;;201953129zora_6_outline.pdf;;201953129zora_2_outline.pdf;;201953129zora_9_outline.pdf
53;;201953129zora_6_outline.pdf;;201953129zora_2_outline.pdf;;201953129zora_9_outline.pdf
54;;201953129zora_6_outline.pdf;;201953129zora_2_outline.pdf;;201953129zora_9_outline.pdf
55;;201953129zora_6_outline.pdf;;201953129zora_2_outline.pdf;;201953129zora_9_outline.pdf
56;;201953129zora_6_outline.pdf;;201953129zora_2_outline.pdf;;201953129zora_9_outline.pdf
57;;201953129zora_6_outline.pdf;;201953129zora_2_outline.pdf;;201953129zora_9_outline.pdf
58;;201953129zora_6_outline.pdf;;201953129zora_2_outline.pdf;;201953129zora_9_outline.pdf
59;;201953129zora_6_outline.pdf;;201953129zora_2_outline.pdf;;201953129zora_9_outline.pdf
60;;201953129zora_6_outline.pdf;;201953129zora_2_outline.pdf;;201953129zora_9_outline.pdf
61;;201953129zora_6_outline.pdf;;201953129zora_2_outline.pdf;;201953129zora_9_outline.pdf
62;;201953129zora_6_outline.pdf;;201953129zora_2_outline.pdf;;201953129zora_9_outline.pdf
63;;201953129zora_6_outline.pdf;;201953129zora_2_outline.pdf;;201953129zora_9_outline.pdf
64;blutrot: 26 etiketten;leeg.pdf;;201953129zora_2_outline.pdf;;201953129zora_9_outline.pdf
65;;stans.pdf;;201953129zora_2_outline.pdf;;201953129zora_9_outline.pdf
66;schwarz: 26 etiketten;leeg.pdf;;201953129zora_2_outline.pdf;;201953129zora_9_outline.pdf
67;;201953129zora_11_outline.pdf;;201953129zora_2_outline.pdf;;201953129zora_9_outline.pdf
68;;201953129zora_11_outline.pdf;;201953129zora_2_outline.pdf;;201953129zora_9_outline.pdf
69;;201953129zora_11_outline.pdf;;201953129zora_2_outline.pdf;;201953129zora_9_outline.pdf
70;;201953129zora_11_outline.pdf;;201953129zora_2_outline.pdf;;201953129zora_9_outline.pdf
71;;201953129zora_11_outline.pdf;;201953129zora_2_outline.pdf;;201953129zora_9_outline.pdf
72;;201953129zora_11_outline.pdf;;201953129zora_2_outline.pdf;;201953129zora_9_outline.pdf
73;;201953129zora_11_outline.pdf;;201953129zora_2_outline.pdf;;201953129zora_9_outline.pdf
74;;201953129zora_11_outline.pdf;;201953129zora_2_outline.pdf;;201953129zora_9_outline.pdf
75;;201953129zora_11_outline.pdf;;201953129zora_2_outline.pdf;;201953129zora_9_outline.pdf
76;;201953129zora_11_outline.pdf;;201953129zora_2_outline.pdf;;201953129zora_9_outline.pdf
77;;201953129zora_11_outline.pdf;;201953129zora_2_outline.pdf;;201953129zora_9_outline.pdf
78;;201953129zora_11_outline.pdf;;201953129zora_2_outline.pdf;;201953129zora_9_outline.pdf
79;;201953129zora_11_outline.pdf;;201953129zora_2_outline.pdf;;201953129zora_9_outline.pdf
80;;201953129zora_11_outline.pdf;;201953129zora_2_outline.pdf;;201953129zora_9_outline.pdf
81;;201953129zora_11_outline.pdf;;201953129zora_2_outline.pdf;;201953129zora_9_outline.pdf
82;;201953129zora_11_outline.pdf;;201953129zora_2_outline.pdf;;201953129zora_9_outline.pdf
83;;201953129zora_11_outline.pdf;;201953129zora_2_outline.pdf;;201953129zora_9_outline.pdf
84;;201953129zora_11_outline.pdf;;201953129zora_2_outline.pdf;;201953129zora_9_outline.pdf
85;;201953129zora_11_outline.pdf;;201953129zora_2_outline.pdf;;201953129zora_9_outline.pdf
86;;201953129zora_11_outline.pdf;;201953129zora_2_outline.pdf;;201953129zora_9_outline.pdf
87;;201953129zora_11_outline.pdf;;201953129zora_2_outline.pdf;;201953129zora_9_outline.pdf
88;;201953129zora_11_outline.pdf;;201953129zora_2_outline.pdf;;201953129zora_9_outline.pdf
89;;201953129zora_11_outline.pdf;;201953129zora_2_outline.pdf;;201953129zora_9_outline.pdf
90;;201953129zora_11_outline.pdf;;201953129zora_2_outline.pdf;;201953129zora_9_outline.pdf
91;;201953129zora_11_outline.pdf;;201953129zora_2_outline.pdf;;201953129zora_9_outline.pdf
92;;201953129zora_11_outline.pdf;;201953129zora_2_outline.pdf;;201953129zora_9_outline.pdf
93;;201953129zora_11_outline.pdf;;201953129zora_2_outline.pdf;;201953129zora_9_outline.pdf
94;;201953129zora_11_outline.pdf;;201953129zora_2_outline.pdf;;201953129zora_9_outline.pdf
95;;201953129zora_11_outline.pdf;;201953129zora_2_outline.pdf;;201953129zora_9_outline.pdf
96;;201953129zora_11_outline.pdf;;201953129zora_2_outline.pdf;;201953129zora_9_outline.pdf
97;schwarz: 26 etiketten;leeg.pdf;;201953129zora_2_outline.pdf;;201953129zora_9_outline.pdf
98;;stans.pdf;;201953129zora_2_outline.pdf;;201953129zora_9_outline.pdf
99;schwarz: 26 etiketten;leeg.pdf;;201953129zora_2_outline.pdf;;201953129zora_9_outline.pdf
100;;201953129zora_12_outline.pdf;;201953129zora_2_outline.pdf;;201953129zora_9_outline.pdf
101;;201953129zora_12_outline.pdf;;201953129zora_2_outline.pdf;;201953129zora_9_outline.pdf
102;;201953129zora_12_outline.pdf;;201953129zora_2_outline.pdf;;201953129zora_9_outline.pdf
103;;201953129zora_12_outline.pdf;;201953129zora_2_outline.pdf;;201953129zora_9_outline.pdf
104;;201953129zora_12_outline.pdf;;201953129zora_2_outline.pdf;;201953129zora_9_outline.pdf
105;;201953129zora_12_outline.pdf;;201953129zora_2_outline.pdf;;201953129zora_9_outline.pdf
106;;201953129zora_12_outline.pdf;;201953129zora_2_outline.pdf;;201953129zora_9_outline.pdf
107;;201953129zora_12_outline.pdf;;201953129zora_2_outline.pdf;;201953129zora_9_outline.pdf
108;;201953129zora_12_outline.pdf;;201953129zora_2_outline.pdf;;201953129zora_9_outline.pdf
109;;201953129zora_12_outline.pdf;;201953129zora_2_outline.pdf;;201953129zora_9_outline.pdf
110;;201953129zora_12_outline.pdf;;201953129zora_2_outline.pdf;;201953129zora_9_outline.pdf
111;;201953129zora_12_outline.pdf;;201953129zora_2_outline.pdf;;201953129zora_9_outline.pdf
112;;201953129zora_12_outline.pdf;;201953129zora_2_outline.pdf;;201953129zora_9_outline.pdf
113;;201953129zora_12_outline.pdf;;201953129zora_2_outline.pdf;;201953129zora_9_outline.pdf
114;;201953129zora_12_outline.pdf;;201953129zora_2_outline.pdf;;201953129zora_9_outline.pdf
115;;201953129zora_12_outline.pdf;;201953129zora_2_outline.pdf;;201953129zora_9_outline.pdf
116;;201953129zora_12_outline.pdf;;201953129zora_2_outline.pdf;;201953129zora_9_outline.pdf
117;;201953129zora_12_outline.pdf;;201953129zora_2_outline.pdf;;201953129zora_9_outline.pdf
118;;201953129zora_12_outline.pdf;;201953129zora_2_outline.pdf;;201953129zora_9_outline.pdf
119;;201953129zora_12_outline.pdf;;201953129zora_2_outline.pdf;;201953129zora_9_outline.pdf
120;;201953129zora_12_outline.pdf;;201953129zora_2_outline.pdf;;201953129zora_9_outline.pdf
121;;201953129zora_12_outline.pdf;;201953129zora_2_outline.pdf;;201953129zora_9_outline.pdf
122;;201953129zora_12_outline.pdf;;201953129zora_2_outline.pdf;;201953129zora_9_outline.pdf
123;;201953129zora_12_outline.pdf;;201953129zora_2_outline.pdf;;201953129zora_9_outline.pdf
124;;201953129zora_12_outline.pdf;;201953129zora_2_outline.pdf;;201953129zora_9_outline.pdf
125;;201953129zora_12_outline.pdf;;201953129zora_2_outline.pdf;;201953129zora_9_outline.pdf
126;;201953129zora_12_outline.pdf;;201953129zora_2_outline.pdf;;201953129zora_9_outline.pdf
127;;201953129zora_12_outline.pdf;;201953129zora_2_outline.pdf;;201953129zora_9_outline.pdf
128;;201953129zora_12_outline.pdf;;201953129zora_2_outline.pdf;;201953129zora_9_outline.pdf
129;;201953129zora_12_outline.pdf;;201953129zora_2_outline.pdf;;201953129zora_9_outline.pdf
130;schwarz: 26 etiketten;leeg.pdf;;201953129zora_2_outline.pdf;;201953129zora_9_outline.pdf
131;;stans.pdf;;201953129zora_2_outline.pdf;;201953129zora_9_outline.pdf
132;blutrot: 126 etiketten;leeg.pdf;;201953129zora_2_outline.pdf;;201953129zora_9_outline.pdf
133;;201953129zora_4_outline.pdf;;201953129zora_2_outline.pdf;;201953129zora_9_outline.pdf
134;;201953129zora_4_outline.pdf;;201953129zora_2_outline.pdf;;201953129zora_9_outline.pdf
135;;201953129zora_4_outline.pdf;;201953129zora_2_outline.pdf;;201953129zora_9_outline.pdf
136;;201953129zora_4_outline.pdf;;201953129zora_2_outline.pdf;;201953129zora_9_outline.pdf
137;;201953129zora_4_outline.pdf;;201953129zora_2_outline.pdf;;201953129zora_9_outline.pdf
138;;201953129zora_4_outline.pdf;;201953129zora_2_outline.pdf;;201953129zora_9_outline.pdf
139;;201953129zora_4_outline.pdf;;201953129zora_2_outline.pdf;;201953129zora_9_outline.pdf
140;;201953129zora_4_outline.pdf;;201953129zora_2_outline.pdf;;201953129zora_9_outline.pdf
141;;201953129zora_4_outline.pdf;;201953129zora_2_outline.pdf;;201953129zora_9_outline.pdf
142;;201953129zora_4_outline.pdf;;201953129zora_2_outline.pdf;;201953129zora_9_outline.pdf
143;;201953129zora_4_outline.pdf;;201953129zora_2_outline.pdf;;201953129zora_9_outline.pdf
144;;201953129zora_4_outline.pdf;;201953129zora_2_outline.pdf;;201953129zora_9_outline.pdf
145;;201953129zora_4_outline.pdf;;201953129zora_2_outline.pdf;;201953129zora_9_outline.pdf
146;;201953129zora_4_outline.pdf;;201953129zora_2_outline.pdf;;201953129zora_9_outline.pdf
147;;201953129zora_4_outline.pdf;;201953129zora_2_outline.pdf;;201953129zora_9_outline.pdf
148;;201953129zora_4_outline.pdf;;201953129zora_2_outline.pdf;;201953129zora_9_outline.pdf
149;;201953129zora_4_outline.pdf;;201953129zora_2_outline.pdf;;201953129zora_9_outline.pdf
150;;201953129zora_4_outline.pdf;;201953129zora_2_outline.pdf;;201953129zora_9_outline.pdf
151;;201953129zora_4_outline.pdf;;201953129zora_2_outline.pdf;;201953129zora_9_outline.pdf
152;;201953129zora_4_outline.pdf;;201953129zora_2_outline.pdf;;201953129zora_9_outline.pdf
153;;201953129zora_4_outline.pdf;;201953129zora_2_outline.pdf;;201953129zora_9_outline.pdf
154;;201953129zora_4_outline.pdf;;201953129zora_2_outline.pdf;;201953129zora_9_outline.pdf
155;;201953129zora_4_outline.pdf;;201953129zora_2_outline.pdf;;201953129zora_9_outline.pdf
156;;201953129zora_4_outline.pdf;;201953129zora_2_outline.pdf;;201953129zora_9_outline.pdf
157;;201953129zora_4_outline.pdf;;201953129zora_2_outline.pdf;;201953129zora_9_outline.pdf
158;;201953129zora_4_outline.pdf;;201953129zora_2_outline.pdf;;201953129zora_9_outline.pdf
159;;201953129zora_4_outline.pdf;;201953129zora_2_outline.pdf;;201953129zora_9_outline.pdf
160;;201953129zora_4_outline.pdf;;201953129zora_2_outline.pdf;;201953129zora_9_outline.pdf
161;;201953129zora_4_outline.pdf;;201953129zora_2_outline.pdf;;201953129zora_9_outline.pdf
162;;201953129zora_4_outline.pdf;;201953129zora_2_outline.pdf;;201953129zora_9_outline.pdf
163;;201953129zora_4_outline.pdf;;201953129zora_2_outline.pdf;;201953129zora_9_outline.pdf
164;;201953129zora_4_outline.pdf;;201953129zora_2_outline.pdf;;201953129zora_9_outline.pdf
165;;201953129zora_4_outline.pdf;;201953129zora_2_outline.pdf;;201953129zora_9_outline.pdf
166;;201953129zora_4_outline.pdf;;201953129zora_2_outline.pdf;;201953129zora_9_outline.pdf
167;;201953129zora_4_outline.pdf;;201953129zora_2_outline.pdf;;201953129zora_9_outline.pdf
168;;201953129zora_4_outline.pdf;;201953129zora_2_outline.pdf;;201953129zora_9_outline.pdf
169;;201953129zora_4_outline.pdf;;201953129zora_2_outline.pdf;;201953129zora_9_outline.pdf
170;;201953129zora_4_outline.pdf;;201953129zora_2_outline.pdf;;201953129zora_9_outline.pdf
171;;201953129zora_4_outline.pdf;;201953129zora_2_outline.pdf;;201953129zora_9_outline.pdf
172;;201953129zora_4_outline.pdf;;201953129zora_2_outline.pdf;;201953129zora_9_outline.pdf
173;;201953129zora_4_outline.pdf;;201953129zora_2_outline.pdf;;201953129zora_9_outline.pdf
174;;201953129zora_4_outline.pdf;;201953129zora_2_outline.pdf;;201953129zora_9_outline.pdf
175;;201953129zora_4_outline.pdf;;201953129zora_2_outline.pdf;;201953129zora_9_outline.pdf
176;;201953129zora_4_outline.pdf;;201953129zora_2_outline.pdf;;201953129zora_9_outline.pdf
177;;201953129zora_4_outline.pdf;;201953129zora_2_outline.pdf;;201953129zora_9_outline.pdf
178;;201953129zora_4_outline.pdf;;201953129zora_2_outline.pdf;;201953129zora_9_outline.pdf
179;;201953129zora_4_outline.pdf;;201953129zora_2_outline.pdf;;201953129zora_9_outline.pdf
180;;201953129zora_4_outline.pdf;;201953129zora_2_outline.pdf;;201953129zora_9_outline.pdf
181;;201953129zora_4_outline.pdf;;201953129zora_2_outline.pdf;;201953129zora_9_outline.pdf
182;;201953129zora_4_outline.pdf;;201953129zora_2_outline.pdf;;201953129zora_9_outline.pdf
183;;201953129zora_4_outline.pdf;;201953129zora_2_outline.pdf;;201953129zora_9_outline.pdf
184;;201953129zora_4_outline.pdf;;201953129zora_2_outline.pdf;;201953129zora_9_outline.pdf
185;;201953129zora_4_outline.pdf;;201953129zora_2_outline.pdf;;201953129zora_9_outline.pdf
186;;201953129zora_4_outline.pdf;;201953129zora_2_outline.pdf;;201953129zora_9_outline.pdf
187;;201953129zora_4_outline.pdf;;201953129zora_2_outline.pdf;;201953129zora_9_outline.pdf
188;;201953129zora_4_outline.pdf;;201953129zora_2_outline.pdf;;201953129zora_9_outline.pdf
189;;201953129zora_4_outline.pdf;;201953129zora_2_outline.pdf;;201953129zora_9_outline.pdf
190;;201953129zora_4_outline.pdf;;201953129zora_2_outline.pdf;;201953129zora_9_outline.pdf
191;;201953129zora_4_outline.pdf;;201953129zora_2_outline.pdf;;201953129zora_9_outline.pdf
192;;201953129zora_4_outline.pdf;;201953129zora_2_outline.pdf;;201953129zora_9_outline.pdf
193;;201953129zora_4_outline.pdf;;201953129zora_2_outline.pdf;;201953129zora_9_outline.pdf
194;;201953129zora_4_outline.pdf;;201953129zora_2_outline.pdf;;201953129zora_9_outline.pdf
195;;201953129zora_4_outline.pdf;;201953129zora_2_outline.pdf;;201953129zora_9_outline.pdf
196;;201953129zora_4_outline.pdf;;201953129zora_2_outline.pdf;;201953129zora_9_outline.pdf
197;;201953129zora_4_outline.pdf;;201953129zora_2_outline.pdf;;201953129zora_9_outline.pdf
198;;201953129zora_4_outline.pdf;;201953129zora_2_outline.pdf;;201953129zora_9_outline.pdf
199;;201953129zora_4_outline.pdf;;201953129zora_2_outline.pdf;;201953129zora_9_outline.pdf
200;;201953129zora_4_outline.pdf;;201953129zora_2_outline.pdf;;201953129zora_9_outline.pdf
201;;201953129zora_4_outline.pdf;;201953129zora_2_outline.pdf;;201953129zora_9_outline.pdf
202;;201953129zora_4_outline.pdf;;201953129zora_2_outline.pdf;;201953129zora_9_outline.pdf
203;;201953129zora_4_outline.pdf;;201953129zora_2_outline.pdf;;201953129zora_9_outline.pdf
204;;201953129zora_4_outline.pdf;;201953129zora_2_outline.pdf;;201953129zora_9_outline.pdf
205;;201953129zora_4_outline.pdf;;201953129zora_2_outline.pdf;;201953129zora_9_outline.pdf
206;;201953129zora_4_outline.pdf;;201953129zora_2_outline.pdf;;201953129zora_9_outline.pdf
207;;201953129zora_4_outline.pdf;;201953129zora_2_outline.pdf;;201953129zora_9_outline.pdf
208;;201953129zora_4_outline.pdf;;201953129zora_2_outline.pdf;;201953129zora_9_outline.pdf
209;;201953129zora_4_outline.pdf;;201953129zora_2_outline.pdf;;201953129zora_9_outline.pdf
210;;201953129zora_4_outline.pdf;;201953129zora_2_outline.pdf;;201953129zora_9_outline.pdf
211;;201953129zora_4_outline.pdf;;201953129zora_2_outline.pdf;;201953129zora_9_outline.pdf
212;;201953129zora_4_outline.pdf;;201953129zora_2_outline.pdf;;201953129zora_9_outline.pdf
213;;201953129zora_4_outline.pdf;;201953129zora_2_outline.pdf;;201953129zora_9_outline.pdf
214;;201953129zora_4_outline.pdf;;201953129zora_2_outline.pdf;;201953129zora_9_outline.pdf
215;;201953129zora_4_outline.pdf;;201953129zora_2_outline.pdf;schwarz: 210 etiketten;leeg.pdf
216;;201953129zora_4_outline.pdf;;201953129zora_2_outline.pdf;;stans.pdf
217;;201953129zora_4_outline.pdf;;201953129zora_2_outline.pdf;blutrot: 242 etiketten;leeg.pdf
218;;201953129zora_4_outline.pdf;;201953129zora_2_outline.pdf;;201953129zora_1_outline.pdf
219;;201953129zora_4_outline.pdf;;201953129zora_2_outline.pdf;;201953129zora_1_outline.pdf
220;;201953129zora_4_outline.pdf;;201953129zora_2_outline.pdf;;201953129zora_1_outline.pdf
221;;201953129zora_4_outline.pdf;;201953129zora_2_outline.pdf;;201953129zora_1_outline.pdf
222;;201953129zora_4_outline.pdf;;201953129zora_2_outline.pdf;;201953129zora_1_outline.pdf
223;;201953129zora_4_outline.pdf;;201953129zora_2_outline.pdf;;201953129zora_1_outline.pdf
224;;201953129zora_4_outline.pdf;;201953129zora_2_outline.pdf;;201953129zora_1_outline.pdf
225;;201953129zora_4_outline.pdf;;201953129zora_2_outline.pdf;;201953129zora_1_outline.pdf
226;;201953129zora_4_outline.pdf;;201953129zora_2_outline.pdf;;201953129zora_1_outline.pdf
227;;201953129zora_4_outline.pdf;;201953129zora_2_outline.pdf;;201953129zora_1_outline.pdf
228;;201953129zora_4_outline.pdf;;201953129zora_2_outline.pdf;;201953129zora_1_outline.pdf
229;;201953129zora_4_outline.pdf;;201953129zora_2_outline.pdf;;201953129zora_1_outline.pdf
230;;201953129zora_4_outline.pdf;;201953129zora_2_outline.pdf;;201953129zora_1_outline.pdf
231;;201953129zora_4_outline.pdf;;201953129zora_2_outline.pdf;;201953129zora_1_outline.pdf
232;;201953129zora_4_outline.pdf;;201953129zora_2_outline.pdf;;201953129zora_1_outline.pdf
233;;201953129zora_4_outline.pdf;;201953129zora_2_outline.pdf;;201953129zora_1_outline.pdf
234;;201953129zora_4_outline.pdf;;201953129zora_2_outline.pdf;;201953129zora_1_outline.pdf
235;;201953129zora_4_outline.pdf;;201953129zora_2_outline.pdf;;201953129zora_1_outline.pdf
236;;201953129zora_4_outline.pdf;;201953129zora_2_outline.pdf;;201953129zora_1_outline.pdf
237;;201953129zora_4_outline.pdf;;201953129zora_2_outline.pdf;;201953129zora_1_outline.pdf
238;;201953129zora_4_outline.pdf;;201953129zora_2_outline.pdf;;201953129zora_1_outline.pdf
239;;201953129zora_4_outline.pdf;;201953129zora_2_outline.pdf;;201953129zora_1_outline.pdf
240;;201953129zora_4_outline.pdf;;201953129zora_2_outline.pdf;;201953129zora_1_outline.pdf
241;;201953129zora_4_outline.pdf;;201953129zora_2_outline.pdf;;201953129zora_1_outline.pdf
242;;201953129zora_4_outline.pdf;;201953129zora_2_outline.pdf;;201953129zora_1_outline.pdf
243;;201953129zora_4_outline.pdf;;201953129zora_2_outline.pdf;;201953129zora_1_outline.pdf
244;;201953129zora_4_outline.pdf;;201953129zora_2_outline.pdf;;201953129zora_1_outline.pdf
245;;201953129zora_4_outline.pdf;;201953129zora_2_outline.pdf;;201953129zora_1_outline.pdf
246;;201953129zora_4_outline.pdf;;201953129zora_2_outline.pdf;;201953129zora_1_outline.pdf
247;;201953129zora_4_outline.pdf;;201953129zora_2_outline.pdf;;201953129zora_1_outline.pdf
248;;201953129zora_4_outline.pdf;;201953129zora_2_outline.pdf;;201953129zora_1_outline.pdf
249;;201953129zora_4_outline.pdf;;201953129zora_2_outline.pdf;;201953129zora_1_outline.pdf
250;;201953129zora_4_outline.pdf;;201953129zora_2_outline.pdf;;201953129zora_1_outline.pdf
251;;201953129zora_4_outline.pdf;;201953129zora_2_outline.pdf;;201953129zora_1_outline.pdf
252;;201953129zora_4_outline.pdf;;201953129zora_2_outline.pdf;;201953129zora_1_outline.pdf
253;;201953129zora_4_outline.pdf;;201953129zora_2_outline.pdf;;201953129zora_1_outline.pdf
254;;201953129zora_4_outline.pdf;;201953129zora_2_outline.pdf;;201953129zora_1_outline.pdf
255;;201953129zora_4_outline.pdf;;201953129zora_2_outline.pdf;;201953129zora_1_outline.pdf
256;;201953129zora_4_outline.pdf;;201953129zora_2_outline.pdf;;201953129zora_1_outline.pdf
257;;201953129zora_4_outline.pdf;;201953129zora_2_outline.pdf;;201953129zora_1_outline.pdf
258;;201953129zora_4_outline.pdf;;201953129zora_2_outline.pdf;;201953129zora_1_outline.pdf
259;;201953129zora_4_outline.pdf;;201953129zora_2_outline.pdf;;201953129zora_1_outline.pdf
260;;201953129zora_4_outline.pdf;;201953129zora_2_outline.pdf;;201953129zora_1_outline.pdf
261;;201953129zora_4_outline.pdf;;201953129zora_2_outline.pdf;;201953129zora_1_outline.pdf
262;;201953129zora_4_outline.pdf;;201953129zora_2_outline.pdf;;201953129zora_1_outline.pdf
263;blutrot: 126 etiketten;leeg.pdf;;201953129zora_2_outline.pdf;;201953129zora_1_outline.pdf
264;;stans.pdf;;201953129zora_2_outline.pdf;;201953129zora_1_outline.pdf
265;schwarz: 126 etiketten;leeg.pdf;;201953129zora_2_outline.pdf;;201953129zora_1_outline.pdf
266;;201953129zora_10_outline.pdf;;201953129zora_2_outline.pdf;;201953129zora_1_outline.pdf
267;;201953129zora_10_outline.pdf;;201953129zora_2_outline.pdf;;201953129zora_1_outline.pdf
268;;201953129zora_10_outline.pdf;;201953129zora_2_outline.pdf;;201953129zora_1_outline.pdf
269;;201953129zora_10_outline.pdf;;201953129zora_2_outline.pdf;;201953129zora_1_outline.pdf
270;;201953129zora_10_outline.pdf;;201953129zora_2_outline.pdf;;201953129zora_1_outline.pdf
271;;201953129zora_10_outline.pdf;;201953129zora_2_outline.pdf;;201953129zora_1_outline.pdf
272;;201953129zora_10_outline.pdf;;201953129zora_2_outline.pdf;;201953129zora_1_outline.pdf
273;;201953129zora_10_outline.pdf;;201953129zora_2_outline.pdf;;201953129zora_1_outline.pdf
274;;201953129zora_10_outline.pdf;;201953129zora_2_outline.pdf;;201953129zora_1_outline.pdf
275;;201953129zora_10_outline.pdf;;201953129zora_2_outline.pdf;;201953129zora_1_outline.pdf
276;;201953129zora_10_outline.pdf;;201953129zora_2_outline.pdf;;201953129zora_1_outline.pdf
277;;201953129zora_10_outline.pdf;;201953129zora_2_outline.pdf;;201953129zora_1_outline.pdf
278;;201953129zora_10_outline.pdf;;201953129zora_2_outline.pdf;;201953129zora_1_outline.pdf
279;;201953129zora_10_outline.pdf;;201953129zora_2_outline.pdf;;201953129zora_1_outline.pdf
280;;201953129zora_10_outline.pdf;;201953129zora_2_outline.pdf;;201953129zora_1_outline.pdf
281;;201953129zora_10_outline.pdf;;201953129zora_2_outline.pdf;;201953129zora_1_outline.pdf
282;;201953129zora_10_outline.pdf;;201953129zora_2_outline.pdf;;201953129zora_1_outline.pdf
283;;201953129zora_10_outline.pdf;;201953129zora_2_outline.pdf;;201953129zora_1_outline.pdf
284;;201953129zora_10_outline.pdf;;201953129zora_2_outline.pdf;;201953129zora_1_outline.pdf
285;;201953129zora_10_outline.pdf;;201953129zora_2_outline.pdf;;201953129zora_1_outline.pdf
286;;201953129zora_10_outline.pdf;;201953129zora_2_outline.pdf;;201953129zora_1_outline.pdf
287;;201953129zora_10_outline.pdf;;201953129zora_2_outline.pdf;;201953129zora_1_outline.pdf
288;;201953129zora_10_outline.pdf;;201953129zora_2_outline.pdf;;201953129zora_1_outline.pdf
289;;201953129zora_10_outline.pdf;;201953129zora_2_outline.pdf;;201953129zora_1_outline.pdf
290;;201953129zora_10_outline.pdf;;201953129zora_2_outline.pdf;;201953129zora_1_outline.pdf
291;;201953129zora_10_outline.pdf;;201953129zora_2_outline.pdf;;201953129zora_1_outline.pdf
292;;201953129zora_10_outline.pdf;;201953129zora_2_outline.pdf;;201953129zora_1_outline.pdf
293;;201953129zora_10_outline.pdf;;201953129zora_2_outline.pdf;;201953129zora_1_outline.pdf
294;;201953129zora_10_outline.pdf;;201953129zora_2_outline.pdf;;201953129zora_1_outline.pdf
295;;201953129zora_10_outline.pdf;;201953129zora_2_outline.pdf;;201953129zora_1_outline.pdf
296;;201953129zora_10_outline.pdf;;201953129zora_2_outline.pdf;;201953129zora_1_outline.pdf
297;;201953129zora_10_outline.pdf;;201953129zora_2_outline.pdf;;201953129zora_1_outline.pdf
298;;201953129zora_10_outline.pdf;;201953129zora_2_outline.pdf;;201953129zora_1_outline.pdf
299;;201953129zora_10_outline.pdf;;201953129zora_2_outline.pdf;;201953129zora_1_outline.pdf
300;;201953129zora_10_outline.pdf;;201953129zora_2_outline.pdf;;201953129zora_1_outline.pdf
301;;201953129zora_10_outline.pdf;;201953129zora_2_outline.pdf;;201953129zora_1_outline.pdf
302;;201953129zora_10_outline.pdf;;201953129zora_2_outline.pdf;;201953129zora_1_outline.pdf
303;;201953129zora_10_outline.pdf;;201953129zora_2_outline.pdf;;201953129zora_1_outline.pdf
304;;201953129zora_10_outline.pdf;;201953129zora_2_outline.pdf;;201953129zora_1_outline.pdf
305;;201953129zora_10_outline.pdf;;201953129zora_2_outline.pdf;;201953129zora_1_outline.pdf
306;;201953129zora_10_outline.pdf;;201953129zora_2_outline.pdf;;201953129zora_1_outline.pdf
307;;201953129zora_10_outline.pdf;;201953129zora_2_outline.pdf;;201953129zora_1_outline.pdf
308;;201953129zora_10_outline.pdf;;201953129zora_2_outline.pdf;;201953129zora_1_outline.pdf
309;;201953129zora_10_outline.pdf;;201953129zora_2_outline.pdf;;201953129zora_1_outline.pdf
310;;201953129zora_10_outline.pdf;;201953129zora_2_outline.pdf;;201953129zora_1_outline.pdf
311;;201953129zora_10_outline.pdf;;201953129zora_2_outline.pdf;;201953129zora_1_outline.pdf
312;;201953129zora_10_outline.pdf;;201953129zora_2_outline.pdf;;201953129zora_1_outline.pdf
313;;201953129zora_10_outline.pdf;;201953129zora_2_outline.pdf;;201953129zora_1_outline.pdf
314;;201953129zora_10_outline.pdf;;201953129zora_2_outline.pdf;;201953129zora_1_outline.pdf
315;;201953129zora_10_outline.pdf;;201953129zora_2_outline.pdf;;201953129zora_1_outline.pdf
316;;201953129zora_10_outline.pdf;;201953129zora_2_outline.pdf;;201953129zora_1_outline.pdf
317;;201953129zora_10_outline.pdf;;201953129zora_2_outline.pdf;;201953129zora_1_outline.pdf
318;;201953129zora_10_outline.pdf;;201953129zora_2_outline.pdf;;201953129zora_1_outline.pdf
319;;201953129zora_10_outline.pdf;;201953129zora_2_outline.pdf;;201953129zora_1_outline.pdf
320;;201953129zora_10_outline.pdf;;201953129zora_2_outline.pdf;;201953129zora_1_outline.pdf
321;;201953129zora_10_outline.pdf;;201953129zora_2_outline.pdf;;201953129zora_1_outline.pdf
322;;201953129zora_10_outline.pdf;;201953129zora_2_outline.pdf;;201953129zora_1_outline.pdf
323;;201953129zora_10_outline.pdf;;201953129zora_2_outline.pdf;;201953129zora_1_outline.pdf
324;;201953129zora_10_outline.pdf;;201953129zora_2_outline.pdf;;201953129zora_1_outline.pdf
325;;201953129zora_10_outline.pdf;;201953129zora_2_outline.pdf;;201953129zora_1_outline.pdf
326;;201953129zora_10_outline.pdf;;201953129zora_2_outline.pdf;;201953129zora_1_outline.pdf
327;;201953129zora_10_outline.pdf;;201953129zora_2_outline.pdf;;201953129zora_1_outline.pdf
328;;201953129zora_10_outline.pdf;;201953129zora_2_outline.pdf;;201953129zora_1_outline.pdf
329;;201953129zora_10_outline.pdf;;201953129zora_2_outline.pdf;;201953129zora_1_outline.pdf
330;;201953129zora_10_outline.pdf;;201953129zora_2_outline.pdf;;201953129zora_1_outline.pdf
331;;201953129zora_10_outline.pdf;;201953129zora_2_outline.pdf;;201953129zora_1_outline.pdf
332;;201953129zora_10_outline.pdf;;201953129zora_2_outline.pdf;;201953129zora_1_outline.pdf
333;;201953129zora_10_outline.pdf;;201953129zora_2_outline.pdf;;201953129zora_1_outline.pdf
334;;201953129zora_10_outline.pdf;;201953129zora_2_outline.pdf;;201953129zora_1_outline.pdf
335;;201953129zora_10_outline.pdf;;201953129zora_2_outline.pdf;;201953129zora_1_outline.pdf
336;;201953129zora_10_outline.pdf;;201953129zora_2_outline.pdf;;201953129zora_1_outline.pdf
337;;201953129zora_10_outline.pdf;;201953129zora_2_outline.pdf;;201953129zora_1_outline.pdf
338;;201953129zora_10_outline.pdf;;201953129zora_2_outline.pdf;;201953129zora_1_outline.pdf
339;;201953129zora_10_outline.pdf;;201953129zora_2_outline.pdf;;201953129zora_1_outline.pdf
340;;201953129zora_10_outline.pdf;;201953129zora_2_outline.pdf;;201953129zora_1_outline.pdf
341;;201953129zora_10_outline.pdf;;201953129zora_2_outline.pdf;;201953129zora_1_outline.pdf
342;;201953129zora_10_outline.pdf;;201953129zora_2_outline.pdf;;201953129zora_1_outline.pdf
343;;201953129zora_10_outline.pdf;;201953129zora_2_outline.pdf;;201953129zora_1_outline.pdf
344;;201953129zora_10_outline.pdf;;201953129zora_2_outline.pdf;;201953129zora_1_outline.pdf
345;;201953129zora_10_outline.pdf;;201953129zora_2_outline.pdf;;201953129zora_1_outline.pdf
346;;201953129zora_10_outline.pdf;;201953129zora_2_outline.pdf;;201953129zora_1_outline.pdf
347;;201953129zora_10_outline.pdf;;201953129zora_2_outline.pdf;;201953129zora_1_outline.pdf
348;;201953129zora_10_outline.pdf;;201953129zora_2_outline.pdf;;201953129zora_1_outline.pdf
349;;201953129zora_10_outline.pdf;;201953129zora_2_outline.pdf;;201953129zora_1_outline.pdf
350;;201953129zora_10_outline.pdf;;201953129zora_2_outline.pdf;;201953129zora_1_outline.pdf
351;;201953129zora_10_outline.pdf;;201953129zora_2_outline.pdf;;201953129zora_1_outline.pdf
352;;201953129zora_10_outline.pdf;;201953129zora_2_outline.pdf;;201953129zora_1_outline.pdf
353;;201953129zora_10_outline.pdf;;201953129zora_2_outline.pdf;;201953129zora_1_outline.pdf
354;;201953129zora_10_outline.pdf;;201953129zora_2_outline.pdf;;201953129zora_1_outline.pdf
355;;201953129zora_10_outline.pdf;;201953129zora_2_outline.pdf;;201953129zora_1_outline.pdf
356;;201953129zora_10_outline.pdf;;201953129zora_2_outline.pdf;;201953129zora_1_outline.pdf
357;;201953129zora_10_outline.pdf;;201953129zora_2_outline.pdf;;201953129zora_1_outline.pdf
358;;201953129zora_10_outline.pdf;;201953129zora_2_outline.pdf;;201953129zora_1_outline.pdf
359;;201953129zora_10_outline.pdf;;201953129zora_2_outline.pdf;;201953129zora_1_outline.pdf
360;;201953129zora_10_outline.pdf;;201953129zora_2_outline.pdf;;201953129zora_1_outline.pdf
361;;201953129zora_10_outline.pdf;;201953129zora_2_outline.pdf;;201953129zora_1_outline.pdf
362;;201953129zora_10_outline.pdf;;201953129zora_2_outline.pdf;;201953129zora_1_outline.pdf
363;;201953129zora_10_outline.pdf;;201953129zora_2_outline.pdf;;201953129zora_1_outline.pdf
364;;201953129zora_10_outline.pdf;;201953129zora_2_outline.pdf;;201953129zora_1_outline.pdf
365;;201953129zora_10_outline.pdf;;201953129zora_2_outline.pdf;;201953129zora_1_outline.pdf
366;;201953129zora_10_outline.pdf;;201953129zora_2_outline.pdf;;201953129zora_1_outline.pdf
367;;201953129zora_10_outline.pdf;;201953129zora_2_outline.pdf;;201953129zora_1_outline.pdf
368;;201953129zora_10_outline.pdf;;201953129zora_2_outline.pdf;;201953129zora_1_outline.pdf
369;;201953129zora_10_outline.pdf;;201953129zora_2_outline.pdf;;201953129zora_1_outline.pdf
370;;201953129zora_10_outline.pdf;;201953129zora_2_outline.pdf;;201953129zora_1_outline.pdf
371;;201953129zora_10_outline.pdf;;201953129zora_2_outline.pdf;;201953129zora_1_outline.pdf
372;;201953129zora_10_outline.pdf;;201953129zora_2_outline.pdf;;201953129zora_1_outline.pdf
373;;201953129zora_10_outline.pdf;;201953129zora_2_outline.pdf;;201953129zora_1_outline.pdf
374;;201953129zora_10_outline.pdf;;201953129zora_2_outline.pdf;;201953129zora_1_outline.pdf
375;;201953129zora_10_outline.pdf;;201953129zora_2_outline.pdf;;201953129zora_1_outline.pdf
376;;201953129zora_10_outline.pdf;;201953129zora_2_outline.pdf;;201953129zora_1_outline.pdf
377;;201953129zora_10_outline.pdf;;201953129zora_2_outline.pdf;;201953129zora_1_outline.pdf
378;;201953129zora_10_outline.pdf;;201953129zora_2_outline.pdf;;201953129zora_1_outline.pdf
379;;201953129zora_10_outline.pdf;;201953129zora_2_outline.pdf;;201953129zora_1_outline.pdf
380;;201953129zora_10_outline.pdf;;201953129zora_2_outline.pdf;;201953129zora_1_outline.pdf
381;;201953129zora_10_outline.pdf;;201953129zora_2_outline.pdf;;201953129zora_1_outline.pdf
382;;201953129zora_10_outline.pdf;;201953129zora_2_outline.pdf;;201953129zora_1_outline.pdf
383;;201953129zora_10_outline.pdf;;201953129zora_2_outline.pdf;;201953129zora_1_outline.pdf
384;;201953129zora_10_outline.pdf;;201953129zora_2_outline.pdf;;201953129zora_1_outline.pdf
385;;201953129zora_10_outline.pdf;;201953129zora_2_outline.pdf;;201953129zora_1_outline.pdf
386;;201953129zora_10_outline.pdf;;201953129zora_2_outline.pdf;;201953129zora_1_outline.pdf
387;;201953129zora_10_outline.pdf;;201953129zora_2_outline.pdf;;201953129zora_1_outline.pdf
388;;201953129zora_10_outline.pdf;;201953129zora_2_outline.pdf;;201953129zora_1_outline.pdf
389;;201953129zora_10_outline.pdf;;201953129zora_2_outline.pdf;;201953129zora_1_outline.pdf
390;;201953129zora_10_outline.pdf;;201953129zora_2_outline.pdf;;201953129zora_1_outline.pdf
391;;201953129zora_10_outline.pdf;;201953129zora_2_outline.pdf;;201953129zora_1_outline.pdf
392;;201953129zora_10_outline.pdf;;201953129zora_2_outline.pdf;;201953129zora_1_outline.pdf
393;;201953129zora_10_outline.pdf;;201953129zora_2_outline.pdf;;201953129zora_1_outline.pdf
394;;201953129zora_10_outline.pdf;;201953129zora_2_outline.pdf;;201953129zora_1_outline.pdf
395;;201953129zora_10_outline.pdf;;201953129zora_2_outline.pdf;;201953129zora_1_outline.pdf
396;schwarz: 126 etiketten;leeg.pdf;;201953129zora_2_outline.pdf;;201953129zora_1_outline.pdf
397;;stans.pdf;;201953129zora_2_outline.pdf;;201953129zora_1_outline.pdf
398;blutrot: 210 etiketten;leeg.pdf;;201953129zora_2_outline.pdf;;201953129zora_1_outline.pdf
399;;201953129zora_3_outline.pdf;;201953129zora_2_outline.pdf;;201953129zora_1_outline.pdf
400;;201953129zora_3_outline.pdf;;201953129zora_2_outline.pdf;;201953129zora_1_outline.pdf
401;;201953129zora_3_outline.pdf;;201953129zora_2_outline.pdf;;201953129zora_1_outline.pdf
402;;201953129zora_3_outline.pdf;;201953129zora_2_outline.pdf;;201953129zora_1_outline.pdf
403;;201953129zora_3_outline.pdf;;201953129zora_2_outline.pdf;;201953129zora_1_outline.pdf
404;;201953129zora_3_outline.pdf;;201953129zora_2_outline.pdf;;201953129zora_1_outline.pdf
405;;201953129zora_3_outline.pdf;;201953129zora_2_outline.pdf;;201953129zora_1_outline.pdf
406;;201953129zora_3_outline.pdf;;201953129zora_2_outline.pdf;;201953129zora_1_outline.pdf
407;;201953129zora_3_outline.pdf;;201953129zora_2_outline.pdf;;201953129zora_1_outline.pdf
408;;201953129zora_3_outline.pdf;;201953129zora_2_outline.pdf;;201953129zora_1_outline.pdf
409;;201953129zora_3_outline.pdf;;201953129zora_2_outline.pdf;;201953129zora_1_outline.pdf
410;;201953129zora_3_outline.pdf;;201953129zora_2_outline.pdf;;201953129zora_1_outline.pdf
411;;201953129zora_3_outline.pdf;;201953129zora_2_outline.pdf;;201953129zora_1_outline.pdf
412;;201953129zora_3_outline.pdf;;201953129zora_2_outline.pdf;;201953129zora_1_outline.pdf
413;;201953129zora_3_outline.pdf;;201953129zora_2_outline.pdf;;201953129zora_1_outline.pdf
414;;201953129zora_3_outline.pdf;;201953129zora_2_outline.pdf;;201953129zora_1_outline.pdf
415;;201953129zora_3_outline.pdf;;201953129zora_2_outline.pdf;;201953129zora_1_outline.pdf
416;;201953129zora_3_outline.pdf;;201953129zora_2_outline.pdf;;201953129zora_1_outline.pdf
417;;201953129zora_3_outline.pdf;;201953129zora_2_outline.pdf;;201953129zora_1_outline.pdf
418;;201953129zora_3_outline.pdf;;201953129zora_2_outline.pdf;;201953129zora_1_outline.pdf
419;;201953129zora_3_outline.pdf;;201953129zora_2_outline.pdf;;201953129zora_1_outline.pdf
420;;201953129zora_3_outline.pdf;;201953129zora_2_outline.pdf;;201953129zora_1_outline.pdf
421;;201953129zora_3_outline.pdf;;201953129zora_2_outline.pdf;;201953129zora_1_outline.pdf
422;;201953129zora_3_outline.pdf;;201953129zora_2_outline.pdf;;201953129zora_1_outline.pdf
423;;201953129zora_3_outline.pdf;;201953129zora_2_outline.pdf;;201953129zora_1_outline.pdf
424;;201953129zora_3_outline.pdf;;201953129zora_2_outline.pdf;;201953129zora_1_outline.pdf
425;;201953129zora_3_outline.pdf;blutrot: 420 etiketten;leeg.pdf;;201953129zora_1_outline.pdf
426;;201953129zora_3_outline.pdf;;stans.pdf;;201953129zora_1_outline.pdf
427;;201953129zora_3_outline.pdf;schwarz: 420 etiketten;leeg.pdf;;201953129zora_1_outline.pdf
428;;201953129zora_3_outline.pdf;;201953129zora_8_outline.pdf;;201953129zora_1_outline.pdf
429;;201953129zora_3_outline.pdf;;201953129zora_8_outline.pdf;;201953129zora_1_outline.pdf
430;;201953129zora_3_outline.pdf;;201953129zora_8_outline.pdf;;201953129zora_1_outline.pdf
431;;201953129zora_3_outline.pdf;;201953129zora_8_outline.pdf;;201953129zora_1_outline.pdf
432;;201953129zora_3_outline.pdf;;201953129zora_8_outline.pdf;;201953129zora_1_outline.pdf
433;;201953129zora_3_outline.pdf;;201953129zora_8_outline.pdf;;201953129zora_1_outline.pdf
434;;201953129zora_3_outline.pdf;;201953129zora_8_outline.pdf;;201953129zora_1_outline.pdf
435;;201953129zora_3_outline.pdf;;201953129zora_8_outline.pdf;;201953129zora_1_outline.pdf
436;;201953129zora_3_outline.pdf;;201953129zora_8_outline.pdf;;201953129zora_1_outline.pdf
437;;201953129zora_3_outline.pdf;;201953129zora_8_outline.pdf;;201953129zora_1_outline.pdf
438;;201953129zora_3_outline.pdf;;201953129zora_8_outline.pdf;;201953129zora_1_outline.pdf
439;;201953129zora_3_outline.pdf;;201953129zora_8_outline.pdf;;201953129zora_1_outline.pdf
440;;201953129zora_3_outline.pdf;;201953129zora_8_outline.pdf;;201953129zora_1_outline.pdf
441;;201953129zora_3_outline.pdf;;201953129zora_8_outline.pdf;;201953129zora_1_outline.pdf
442;;201953129zora_3_outline.pdf;;201953129zora_8_outline.pdf;;201953129zora_1_outline.pdf
443;;201953129zora_3_outline.pdf;;201953129zora_8_outline.pdf;;201953129zora_1_outline.pdf
444;;201953129zora_3_outline.pdf;;201953129zora_8_outline.pdf;;201953129zora_1_outline.pdf
445;;201953129zora_3_outline.pdf;;201953129zora_8_outline.pdf;;201953129zora_1_outline.pdf
446;;201953129zora_3_outline.pdf;;201953129zora_8_outline.pdf;;201953129zora_1_outline.pdf
447;;201953129zora_3_outline.pdf;;201953129zora_8_outline.pdf;;201953129zora_1_outline.pdf
448;;201953129zora_3_outline.pdf;;201953129zora_8_outline.pdf;;201953129zora_1_outline.pdf
449;;201953129zora_3_outline.pdf;;201953129zora_8_outline.pdf;;201953129zora_1_outline.pdf
450;;201953129zora_3_outline.pdf;;201953129zora_8_outline.pdf;;201953129zora_1_outline.pdf
451;;201953129zora_3_outline.pdf;;201953129zora_8_outline.pdf;;201953129zora_1_outline.pdf
452;;201953129zora_3_outline.pdf;;201953129zora_8_outline.pdf;;201953129zora_1_outline.pdf
453;;201953129zora_3_outline.pdf;;201953129zora_8_outline.pdf;;201953129zora_1_outline.pdf
454;;201953129zora_3_outline.pdf;;201953129zora_8_outline.pdf;;201953129zora_1_outline.pdf
455;;201953129zora_3_outline.pdf;;201953129zora_8_outline.pdf;;201953129zora_1_outline.pdf
456;;201953129zora_3_outline.pdf;;201953129zora_8_outline.pdf;;201953129zora_1_outline.pdf
457;;201953129zora_3_outline.pdf;;201953129zora_8_outline.pdf;;201953129zora_1_outline.pdf
458;;201953129zora_3_outline.pdf;;201953129zora_8_outline.pdf;;201953129zora_1_outline.pdf
459;;201953129zora_3_outline.pdf;;201953129zora_8_outline.pdf;;201953129zora_1_outline.pdf
460;;201953129zora_3_outline.pdf;;201953129zora_8_outline.pdf;;201953129zora_1_outline.pdf
461;;201953129zora_3_outline.pdf;;201953129zora_8_outline.pdf;;201953129zora_1_outline.pdf
462;;201953129zora_3_outline.pdf;;201953129zora_8_outline.pdf;;201953129zora_1_outline.pdf
463;;201953129zora_3_outline.pdf;;201953129zora_8_outline.pdf;;201953129zora_1_outline.pdf
464;;201953129zora_3_outline.pdf;;201953129zora_8_outline.pdf;blutrot: 242 etiketten;leeg.pdf
465;;201953129zora_3_outline.pdf;;201953129zora_8_outline.pdf;;stans.pdf
466;;201953129zora_3_outline.pdf;;201953129zora_8_outline.pdf;schwarz: 242 etiketten;leeg.pdf
467;;201953129zora_3_outline.pdf;;201953129zora_8_outline.pdf;;201953129zora_7_outline.pdf
468;;201953129zora_3_outline.pdf;;201953129zora_8_outline.pdf;;201953129zora_7_outline.pdf
469;;201953129zora_3_outline.pdf;;201953129zora_8_outline.pdf;;201953129zora_7_outline.pdf
470;;201953129zora_3_outline.pdf;;201953129zora_8_outline.pdf;;201953129zora_7_outline.pdf
471;;201953129zora_3_outline.pdf;;201953129zora_8_outline.pdf;;201953129zora_7_outline.pdf
472;;201953129zora_3_outline.pdf;;201953129zora_8_outline.pdf;;201953129zora_7_outline.pdf
473;;201953129zora_3_outline.pdf;;201953129zora_8_outline.pdf;;201953129zora_7_outline.pdf
474;;201953129zora_3_outline.pdf;;201953129zora_8_outline.pdf;;201953129zora_7_outline.pdf
475;;201953129zora_3_outline.pdf;;201953129zora_8_outline.pdf;;201953129zora_7_outline.pdf
476;;201953129zora_3_outline.pdf;;201953129zora_8_outline.pdf;;201953129zora_7_outline.pdf
477;;201953129zora_3_outline.pdf;;201953129zora_8_outline.pdf;;201953129zora_7_outline.pdf
478;;201953129zora_3_outline.pdf;;201953129zora_8_outline.pdf;;201953129zora_7_outline.pdf
479;;201953129zora_3_outline.pdf;;201953129zora_8_outline.pdf;;201953129zora_7_outline.pdf
480;;201953129zora_3_outline.pdf;;201953129zora_8_outline.pdf;;201953129zora_7_outline.pdf
481;;201953129zora_3_outline.pdf;;201953129zora_8_outline.pdf;;201953129zora_7_outline.pdf
482;;201953129zora_3_outline.pdf;;201953129zora_8_outline.pdf;;201953129zora_7_outline.pdf
483;;201953129zora_3_outline.pdf;;201953129zora_8_outline.pdf;;201953129zora_7_outline.pdf
484;;201953129zora_3_outline.pdf;;201953129zora_8_outline.pdf;;201953129zora_7_outline.pdf
485;;201953129zora_3_outline.pdf;;201953129zora_8_outline.pdf;;201953129zora_7_outline.pdf
486;;201953129zora_3_outline.pdf;;201953129zora_8_outline.pdf;;201953129zora_7_outline.pdf
487;;201953129zora_3_outline.pdf;;201953129zora_8_outline.pdf;;201953129zora_7_outline.pdf
488;;201953129zora_3_outline.pdf;;201953129zora_8_outline.pdf;;201953129zora_7_outline.pdf
489;;201953129zora_3_outline.pdf;;201953129zora_8_outline.pdf;;201953129zora_7_outline.pdf
490;;201953129zora_3_outline.pdf;;201953129zora_8_outline.pdf;;201953129zora_7_outline.pdf
491;;201953129zora_3_outline.pdf;;201953129zora_8_outline.pdf;;201953129zora_7_outline.pdf
492;;201953129zora_3_outline.pdf;;201953129zora_8_outline.pdf;;201953129zora_7_outline.pdf
493;;201953129zora_3_outline.pdf;;201953129zora_8_outline.pdf;;201953129zora_7_outline.pdf
494;;201953129zora_3_outline.pdf;;201953129zora_8_outline.pdf;;201953129zora_7_outline.pdf
495;;201953129zora_3_outline.pdf;;201953129zora_8_outline.pdf;;201953129zora_7_outline.pdf
496;;201953129zora_3_outline.pdf;;201953129zora_8_outline.pdf;;201953129zora_7_outline.pdf
497;;201953129zora_3_outline.pdf;;201953129zora_8_outline.pdf;;201953129zora_7_outline.pdf
498;;201953129zora_3_outline.pdf;;201953129zora_8_outline.pdf;;201953129zora_7_outline.pdf
499;;201953129zora_3_outline.pdf;;201953129zora_8_outline.pdf;;201953129zora_7_outline.pdf
500;;201953129zora_3_outline.pdf;;201953129zora_8_outline.pdf;;201953129zora_7_outline.pdf
501;;201953129zora_3_outline.pdf;;201953129zora_8_outline.pdf;;201953129zora_7_outline.pdf
502;;201953129zora_3_outline.pdf;;201953129zora_8_outline.pdf;;201953129zora_7_outline.pdf
503;;201953129zora_3_outline.pdf;;201953129zora_8_outline.pdf;;201953129zora_7_outline.pdf
504;;201953129zora_3_outline.pdf;;201953129zora_8_outline.pdf;;201953129zora_7_outline.pdf
505;;201953129zora_3_outline.pdf;;201953129zora_8_outline.pdf;;201953129zora_7_outline.pdf
506;;201953129zora_3_outline.pdf;;201953129zora_8_outline.pdf;;201953129zora_7_outline.pdf
507;;201953129zora_3_outline.pdf;;201953129zora_8_outline.pdf;;201953129zora_7_outline.pdf
508;;201953129zora_3_outline.pdf;;201953129zora_8_outline.pdf;;201953129zora_7_outline.pdf
509;;201953129zora_3_outline.pdf;;201953129zora_8_outline.pdf;;201953129zora_7_outline.pdf
510;;201953129zora_3_outline.pdf;;201953129zora_8_outline.pdf;;201953129zora_7_outline.pdf
511;;201953129zora_3_outline.pdf;;201953129zora_8_outline.pdf;;201953129zora_7_outline.pdf
512;;201953129zora_3_outline.pdf;;201953129zora_8_outline.pdf;;201953129zora_7_outline.pdf
513;;201953129zora_3_outline.pdf;;201953129zora_8_outline.pdf;;201953129zora_7_outline.pdf
514;;201953129zora_3_outline.pdf;;201953129zora_8_outline.pdf;;201953129zora_7_outline.pdf
515;;201953129zora_3_outline.pdf;;201953129zora_8_outline.pdf;;201953129zora_7_outline.pdf
516;;201953129zora_3_outline.pdf;;201953129zora_8_outline.pdf;;201953129zora_7_outline.pdf
517;;201953129zora_3_outline.pdf;;201953129zora_8_outline.pdf;;201953129zora_7_outline.pdf
518;;201953129zora_3_outline.pdf;;201953129zora_8_outline.pdf;;201953129zora_7_outline.pdf
519;;201953129zora_3_outline.pdf;;201953129zora_8_outline.pdf;;201953129zora_7_outline.pdf
520;;201953129zora_3_outline.pdf;;201953129zora_8_outline.pdf;;201953129zora_7_outline.pdf
521;;201953129zora_3_outline.pdf;;201953129zora_8_outline.pdf;;201953129zora_7_outline.pdf
522;;201953129zora_3_outline.pdf;;201953129zora_8_outline.pdf;;201953129zora_7_outline.pdf
523;;201953129zora_3_outline.pdf;;201953129zora_8_outline.pdf;;201953129zora_7_outline.pdf
524;;201953129zora_3_outline.pdf;;201953129zora_8_outline.pdf;;201953129zora_7_outline.pdf
525;;201953129zora_3_outline.pdf;;201953129zora_8_outline.pdf;;201953129zora_7_outline.pdf
526;;201953129zora_3_outline.pdf;;201953129zora_8_outline.pdf;;201953129zora_7_outline.pdf
527;;201953129zora_3_outline.pdf;;201953129zora_8_outline.pdf;;201953129zora_7_outline.pdf
528;;201953129zora_3_outline.pdf;;201953129zora_8_outline.pdf;;201953129zora_7_outline.pdf
529;;201953129zora_3_outline.pdf;;201953129zora_8_outline.pdf;;201953129zora_7_outline.pdf
530;;201953129zora_3_outline.pdf;;201953129zora_8_outline.pdf;;201953129zora_7_outline.pdf
531;;201953129zora_3_outline.pdf;;201953129zora_8_outline.pdf;;201953129zora_7_outline.pdf
532;;201953129zora_3_outline.pdf;;201953129zora_8_outline.pdf;;201953129zora_7_outline.pdf
533;;201953129zora_3_outline.pdf;;201953129zora_8_outline.pdf;;201953129zora_7_outline.pdf
534;;201953129zora_3_outline.pdf;;201953129zora_8_outline.pdf;;201953129zora_7_outline.pdf
535;;201953129zora_3_outline.pdf;;201953129zora_8_outline.pdf;;201953129zora_7_outline.pdf
536;;201953129zora_3_outline.pdf;;201953129zora_8_outline.pdf;;201953129zora_7_outline.pdf
537;;201953129zora_3_outline.pdf;;201953129zora_8_outline.pdf;;201953129zora_7_outline.pdf
538;;201953129zora_3_outline.pdf;;201953129zora_8_outline.pdf;;201953129zora_7_outline.pdf
539;;201953129zora_3_outline.pdf;;201953129zora_8_outline.pdf;;201953129zora_7_outline.pdf
540;;201953129zora_3_outline.pdf;;201953129zora_8_outline.pdf;;201953129zora_7_outline.pdf
541;;201953129zora_3_outline.pdf;;201953129zora_8_outline.pdf;;201953129zora_7_outline.pdf
542;;201953129zora_3_outline.pdf;;201953129zora_8_outline.pdf;;201953129zora_7_outline.pdf
543;;201953129zora_3_outline.pdf;;201953129zora_8_outline.pdf;;201953129zora_7_outline.pdf
544;;201953129zora_3_outline.pdf;;201953129zora_8_outline.pdf;;201953129zora_7_outline.pdf
545;;201953129zora_3_outline.pdf;;201953129zora_8_outline.pdf;;201953129zora_7_outline.pdf
546;;201953129zora_3_outline.pdf;;201953129zora_8_outline.pdf;;201953129zora_7_outline.pdf
547;;201953129zora_3_outline.pdf;;201953129zora_8_outline.pdf;;201953129zora_7_outline.pdf
548;;201953129zora_3_outline.pdf;;201953129zora_8_outline.pdf;;201953129zora_7_outline.pdf
549;;201953129zora_3_outline.pdf;;201953129zora_8_outline.pdf;;201953129zora_7_outline.pdf
550;;201953129zora_3_outline.pdf;;201953129zora_8_outline.pdf;;201953129zora_7_outline.pdf
551;;201953129zora_3_outline.pdf;;201953129zora_8_outline.pdf;;201953129zora_7_outline.pdf
552;;201953129zora_3_outline.pdf;;201953129zora_8_outline.pdf;;201953129zora_7_outline.pdf
553;;201953129zora_3_outline.pdf;;201953129zora_8_outline.pdf;;201953129zora_7_outline.pdf
554;;201953129zora_3_outline.pdf;;201953129zora_8_outline.pdf;;201953129zora_7_outline.pdf
555;;201953129zora_3_outline.pdf;;201953129zora_8_outline.pdf;;201953129zora_7_outline.pdf
556;;201953129zora_3_outline.pdf;;201953129zora_8_outline.pdf;;201953129zora_7_outline.pdf
557;;201953129zora_3_outline.pdf;;201953129zora_8_outline.pdf;;201953129zora_7_outline.pdf
558;;201953129zora_3_outline.pdf;;201953129zora_8_outline.pdf;;201953129zora_7_outline.pdf
559;;201953129zora_3_outline.pdf;;201953129zora_8_outline.pdf;;201953129zora_7_outline.pdf
560;;201953129zora_3_outline.pdf;;201953129zora_8_outline.pdf;;201953129zora_7_outline.pdf
561;;201953129zora_3_outline.pdf;;201953129zora_8_outline.pdf;;201953129zora_7_outline.pdf
562;;201953129zora_3_outline.pdf;;201953129zora_8_outline.pdf;;201953129zora_7_outline.pdf
563;;201953129zora_3_outline.pdf;;201953129zora_8_outline.pdf;;201953129zora_7_outline.pdf
564;;201953129zora_3_outline.pdf;;201953129zora_8_outline.pdf;;201953129zora_7_outline.pdf
565;;201953129zora_3_outline.pdf;;201953129zora_8_outline.pdf;;201953129zora_7_outline.pdf
566;;201953129zora_3_outline.pdf;;201953129zora_8_outline.pdf;;201953129zora_7_outline.pdf
567;;201953129zora_3_outline.pdf;;201953129zora_8_outline.pdf;;201953129zora_7_outline.pdf
568;;201953129zora_3_outline.pdf;;201953129zora_8_outline.pdf;;201953129zora_7_outline.pdf
569;;201953129zora_3_outline.pdf;;201953129zora_8_outline.pdf;;201953129zora_7_outline.pdf
570;;201953129zora_3_outline.pdf;;201953129zora_8_outline.pdf;;201953129zora_7_outline.pdf
571;;201953129zora_3_outline.pdf;;201953129zora_8_outline.pdf;;201953129zora_7_outline.pdf
572;;201953129zora_3_outline.pdf;;201953129zora_8_outline.pdf;;201953129zora_7_outline.pdf
573;;201953129zora_3_outline.pdf;;201953129zora_8_outline.pdf;;201953129zora_7_outline.pdf
574;;201953129zora_3_outline.pdf;;201953129zora_8_outline.pdf;;201953129zora_7_outline.pdf
575;;201953129zora_3_outline.pdf;;201953129zora_8_outline.pdf;;201953129zora_7_outline.pdf
576;;201953129zora_3_outline.pdf;;201953129zora_8_outline.pdf;;201953129zora_7_outline.pdf
577;;201953129zora_3_outline.pdf;;201953129zora_8_outline.pdf;;201953129zora_7_outline.pdf
578;;201953129zora_3_outline.pdf;;201953129zora_8_outline.pdf;;201953129zora_7_outline.pdf
579;;201953129zora_3_outline.pdf;;201953129zora_8_outline.pdf;;201953129zora_7_outline.pdf
580;;201953129zora_3_outline.pdf;;201953129zora_8_outline.pdf;;201953129zora_7_outline.pdf
581;;201953129zora_3_outline.pdf;;201953129zora_8_outline.pdf;;201953129zora_7_outline.pdf
582;;201953129zora_3_outline.pdf;;201953129zora_8_outline.pdf;;201953129zora_7_outline.pdf
583;;201953129zora_3_outline.pdf;;201953129zora_8_outline.pdf;;201953129zora_7_outline.pdf
584;;201953129zora_3_outline.pdf;;201953129zora_8_outline.pdf;;201953129zora_7_outline.pdf
585;;201953129zora_3_outline.pdf;;201953129zora_8_outline.pdf;;201953129zora_7_outline.pdf
586;;201953129zora_3_outline.pdf;;201953129zora_8_outline.pdf;;201953129zora_7_outline.pdf
587;;201953129zora_3_outline.pdf;;201953129zora_8_outline.pdf;;201953129zora_7_outline.pdf
588;;201953129zora_3_outline.pdf;;201953129zora_8_outline.pdf;;201953129zora_7_outline.pdf
589;;201953129zora_3_outline.pdf;;201953129zora_8_outline.pdf;;201953129zora_7_outline.pdf
590;;201953129zora_3_outline.pdf;;201953129zora_8_outline.pdf;;201953129zora_7_outline.pdf
591;;201953129zora_3_outline.pdf;;201953129zora_8_outline.pdf;;201953129zora_7_outline.pdf
592;;201953129zora_3_outline.pdf;;201953129zora_8_outline.pdf;;201953129zora_7_outline.pdf
593;;201953129zora_3_outline.pdf;;201953129zora_8_outline.pdf;;201953129zora_7_outline.pdf
594;;201953129zora_3_outline.pdf;;201953129zora_8_outline.pdf;;201953129zora_7_outline.pdf
595;;201953129zora_3_outline.pdf;;201953129zora_8_outline.pdf;;201953129zora_7_outline.pdf
596;;201953129zora_3_outline.pdf;;201953129zora_8_outline.pdf;;201953129zora_7_outline.pdf
597;;201953129zora_3_outline.pdf;;201953129zora_8_outline.pdf;;201953129zora_7_outline.pdf
598;;201953129zora_3_outline.pdf;;201953129zora_8_outline.pdf;;201953129zora_7_outline.pdf
599;;201953129zora_3_outline.pdf;;201953129zora_8_outline.pdf;;201953129zora_7_outline.pdf
600;;201953129zora_3_outline.pdf;;201953129zora_8_outline.pdf;;201953129zora_7_outline.pdf
601;;201953129zora_3_outline.pdf;;201953129zora_8_outline.pdf;;201953129zora_7_outline.pdf
602;;201953129zora_3_outline.pdf;;201953129zora_8_outline.pdf;;201953129zora_7_outline.pdf
603;;201953129zora_3_outline.pdf;;201953129zora_8_outline.pdf;;201953129zora_7_outline.pdf
604;;201953129zora_3_outline.pdf;;201953129zora_8_outline.pdf;;201953129zora_7_outline.pdf
605;;201953129zora_3_outline.pdf;;201953129zora_8_outline.pdf;;201953129zora_7_outline.pdf
606;;201953129zora_3_outline.pdf;;201953129zora_8_outline.pdf;;201953129zora_7_outline.pdf
607;;201953129zora_3_outline.pdf;;201953129zora_8_outline.pdf;;201953129zora_7_outline.pdf
608;;201953129zora_3_outline.pdf;;201953129zora_8_outline.pdf;;201953129zora_7_outline.pdf
609;;201953129zora_3_outline.pdf;;201953129zora_8_outline.pdf;;201953129zora_7_outline.pdf
610;;201953129zora_3_outline.pdf;;201953129zora_8_outline.pdf;;201953129zora_7_outline.pdf
611;;201953129zora_3_outline.pdf;;201953129zora_8_outline.pdf;;201953129zora_7_outline.pdf
612;;201953129zora_3_outline.pdf;;201953129zora_8_outline.pdf;;201953129zora_7_outline.pdf
613;blutrot: 210 etiketten;leeg.pdf;;201953129zora_8_outline.pdf;;201953129zora_7_outline.pdf
614;;stans.pdf;;201953129zora_8_outline.pdf;;201953129zora_7_outline.pdf
615;;stans.pdf;;201953129zora_8_outline.pdf;;201953129zora_7_outline.pdf
616;;stans.pdf;;201953129zora_8_outline.pdf;;201953129zora_7_outline.pdf
617;;stans.pdf;;201953129zora_8_outline.pdf;;201953129zora_7_outline.pdf
618;;stans.pdf;;201953129zora_8_outline.pdf;;201953129zora_7_outline.pdf
619;;stans.pdf;;201953129zora_8_outline.pdf;;201953129zora_7_outline.pdf
620;;stans.pdf;;201953129zora_8_outline.pdf;;201953129zora_7_outline.pdf
621;;stans.pdf;;201953129zora_8_outline.pdf;;201953129zora_7_outline.pdf
622;;stans.pdf;;201953129zora_8_outline.pdf;;201953129zora_7_outline.pdf
623;;stans.pdf;;201953129zora_8_outline.pdf;;201953129zora_7_outline.pdf
624;;stans.pdf;;201953129zora_8_outline.pdf;;201953129zora_7_outline.pdf
625;;stans.pdf;;201953129zora_8_outline.pdf;;201953129zora_7_outline.pdf
626;;stans.pdf;;201953129zora_8_outline.pdf;;201953129zora_7_outline.pdf
627;;stans.pdf;;201953129zora_8_outline.pdf;;201953129zora_7_outline.pdf
628;;stans.pdf;;201953129zora_8_outline.pdf;;201953129zora_7_outline.pdf
629;;stans.pdf;;201953129zora_8_outline.pdf;;201953129zora_7_outline.pdf
630;;stans.pdf;;201953129zora_8_outline.pdf;;201953129zora_7_outline.pdf
631;;stans.pdf;;201953129zora_8_outline.pdf;;201953129zora_7_outline.pdf
632;;stans.pdf;;201953129zora_8_outline.pdf;;201953129zora_7_outline.pdf
633;;stans.pdf;;201953129zora_8_outline.pdf;;201953129zora_7_outline.pdf
634;;stans.pdf;;201953129zora_8_outline.pdf;;201953129zora_7_outline.pdf
635;;stans.pdf;;201953129zora_8_outline.pdf;;201953129zora_7_outline.pdf
636;;stans.pdf;;201953129zora_8_outline.pdf;;201953129zora_7_outline.pdf
637;;stans.pdf;;201953129zora_8_outline.pdf;;201953129zora_7_outline.pdf
638;;stans.pdf;;201953129zora_8_outline.pdf;;201953129zora_7_outline.pdf
639;;stans.pdf;;201953129zora_8_outline.pdf;;201953129zora_7_outline.pdf
640;;stans.pdf;;201953129zora_8_outline.pdf;;201953129zora_7_outline.pdf
641;;stans.pdf;;201953129zora_8_outline.pdf;;201953129zora_7_outline.pdf
642;;stans.pdf;;201953129zora_8_outline.pdf;;201953129zora_7_outline.pdf
643;;stans.pdf;;201953129zora_8_outline.pdf;;201953129zora_7_outline.pdf
644;;stans.pdf;;201953129zora_8_outline.pdf;;201953129zora_7_outline.pdf
645;;stans.pdf;;201953129zora_8_outline.pdf;;201953129zora_7_outline.pdf
646;;stans.pdf;;201953129zora_8_outline.pdf;;201953129zora_7_outline.pdf
647;;stans.pdf;;201953129zora_8_outline.pdf;;201953129zora_7_outline.pdf
648;;stans.pdf;;201953129zora_8_outline.pdf;;201953129zora_7_outline.pdf
649;;stans.pdf;;201953129zora_8_outline.pdf;;201953129zora_7_outline.pdf
650;;stans.pdf;;201953129zora_8_outline.pdf;;201953129zora_7_outline.pdf
651;;stans.pdf;;201953129zora_8_outline.pdf;;201953129zora_7_outline.pdf
652;;stans.pdf;;201953129zora_8_outline.pdf;;201953129zora_7_outline.pdf
653;;stans.pdf;;201953129zora_8_outline.pdf;;201953129zora_7_outline.pdf
654;;stans.pdf;;201953129zora_8_outline.pdf;;201953129zora_7_outline.pdf
655;;stans.pdf;;201953129zora_8_outline.pdf;;201953129zora_7_outline.pdf
656;;stans.pdf;;201953129zora_8_outline.pdf;;201953129zora_7_outline.pdf
657;;stans.pdf;;201953129zora_8_outline.pdf;;201953129zora_7_outline.pdf
658;;stans.pdf;;201953129zora_8_outline.pdf;;201953129zora_7_outline.pdf
659;;stans.pdf;;201953129zora_8_outline.pdf;;201953129zora_7_outline.pdf
660;;stans.pdf;;201953129zora_8_outline.pdf;;201953129zora_7_outline.pdf
661;;stans.pdf;;201953129zora_8_outline.pdf;;201953129zora_7_outline.pdf
662;;stans.pdf;;201953129zora_8_outline.pdf;;201953129zora_7_outline.pdf
663;;stans.pdf;;201953129zora_8_outline.pdf;;201953129zora_7_outline.pdf
664;;stans.pdf;;201953129zora_8_outline.pdf;;201953129zora_7_outline.pdf
665;;stans.pdf;;201953129zora_8_outline.pdf;;201953129zora_7_outline.pdf
666;;stans.pdf;;201953129zora_8_outline.pdf;;201953129zora_7_outline.pdf
667;;stans.pdf;;201953129zora_8_outline.pdf;;201953129zora_7_outline.pdf
668;;stans.pdf;;201953129zora_8_outline.pdf;;201953129zora_7_outline.pdf
669;;stans.pdf;;201953129zora_8_outline.pdf;;201953129zora_7_outline.pdf
670;;stans.pdf;;201953129zora_8_outline.pdf;;201953129zora_7_outline.pdf
671;;stans.pdf;;201953129zora_8_outline.pdf;;201953129zora_7_outline.pdf
672;;stans.pdf;;201953129zora_8_outline.pdf;;201953129zora_7_outline.pdf
673;;stans.pdf;;201953129zora_8_outline.pdf;;201953129zora_7_outline.pdf
674;;stans.pdf;;201953129zora_8_outline.pdf;;201953129zora_7_outline.pdf
675;;stans.pdf;;201953129zora_8_outline.pdf;;201953129zora_7_outline.pdf
676;;stans.pdf;;201953129zora_8_outline.pdf;;201953129zora_7_outline.pdf
677;;stans.pdf;;201953129zora_8_outline.pdf;;201953129zora_7_outline.pdf
678;;stans.pdf;;201953129zora_8_outline.pdf;;201953129zora_7_outline.pdf
679;;stans.pdf;;201953129zora_8_outline.pdf;;201953129zora_7_outline.pdf
680;;stans.pdf;;201953129zora_8_outline.pdf;;201953129zora_7_outline.pdf
681;;stans.pdf;;201953129zora_8_outline.pdf;;201953129zora_7_outline.pdf
682;;stans.pdf;;201953129zora_8_outline.pdf;;201953129zora_7_outline.pdf
683;;stans.pdf;;201953129zora_8_outline.pdf;;201953129zora_7_outline.pdf
684;;stans.pdf;;201953129zora_8_outline.pdf;;201953129zora_7_outline.pdf
685;;stans.pdf;;201953129zora_8_outline.pdf;;201953129zora_7_outline.pdf
686;;stans.pdf;;201953129zora_8_outline.pdf;;201953129zora_7_outline.pdf
687;;stans.pdf;;201953129zora_8_outline.pdf;;201953129zora_7_outline.pdf
688;;stans.pdf;;201953129zora_8_outline.pdf;;201953129zora_7_outline.pdf
689;;stans.pdf;;201953129zora_8_outline.pdf;;201953129zora_7_outline.pdf
690;;stans.pdf;;201953129zora_8_outline.pdf;;201953129zora_7_outline.pdf
691;;stans.pdf;;201953129zora_8_outline.pdf;;201953129zora_7_outline.pdf
692;;stans.pdf;;201953129zora_8_outline.pdf;;201953129zora_7_outline.pdf
693;;stans.pdf;;201953129zora_8_outline.pdf;;201953129zora_7_outline.pdf
694;;stans.pdf;;201953129zora_8_outline.pdf;;201953129zora_7_outline.pdf
695;;stans.pdf;;201953129zora_8_outline.pdf;;201953129zora_7_outline.pdf
696;;stans.pdf;;201953129zora_8_outline.pdf;;201953129zora_7_outline.pdf
697;;stans.pdf;;201953129zora_8_outline.pdf;;201953129zora_7_outline.pdf
698;;stans.pdf;;201953129zora_8_outline.pdf;;201953129zora_7_outline.pdf
699;;stans.pdf;;201953129zora_8_outline.pdf;;201953129zora_7_outline.pdf
700;;stans.pdf;;201953129zora_8_outline.pdf;;201953129zora_7_outline.pdf
701;;stans.pdf;;201953129zora_8_outline.pdf;;201953129zora_7_outline.pdf
702;;stans.pdf;;201953129zora_8_outline.pdf;;201953129zora_7_outline.pdf
703;;stans.pdf;;201953129zora_8_outline.pdf;;201953129zora_7_outline.pdf
704;;stans.pdf;;201953129zora_8_outline.pdf;;201953129zora_7_outline.pdf
705;;stans.pdf;;201953129zora_8_outline.pdf;;201953129zora_7_outline.pdf
706;;stans.pdf;;201953129zora_8_outline.pdf;;201953129zora_7_outline.pdf
707;;stans.pdf;;201953129zora_8_outline.pdf;;201953129zora_7_outline.pdf
708;;stans.pdf;;201953129zora_8_outline.pdf;;201953129zora_7_outline.pdf
709;;stans.pdf;;201953129zora_8_outline.pdf;;201953129zora_7_outline.pdf
710;;stans.pdf;;201953129zora_8_outline.pdf;;201953129zora_7_outline.pdf
711;;stans.pdf;;201953129zora_8_outline.pdf;;201953129zora_7_outline.pdf
712;;stans.pdf;;201953129zora_8_outline.pdf;;201953129zora_7_outline.pdf
713;;stans.pdf;;201953129zora_8_outline.pdf;schwarz: 242 etiketten;leeg.pdf
714;;stans.pdf;;201953129zora_8_outline.pdf;;stans.pdf
715;;stans.pdf;;201953129zora_8_outline.pdf;;stans.pdf
716;;stans.pdf;;201953129zora_8_outline.pdf;;stans.pdf
717;;stans.pdf;;201953129zora_8_outline.pdf;;stans.pdf
718;;stans.pdf;;201953129zora_8_outline.pdf;;stans.pdf
719;;stans.pdf;;201953129zora_8_outline.pdf;;stans.pdf
720;;stans.pdf;;201953129zora_8_outline.pdf;;stans.pdf
721;;stans.pdf;;201953129zora_8_outline.pdf;;stans.pdf
722;;stans.pdf;;201953129zora_8_outline.pdf;;stans.pdf
723;;stans.pdf;;201953129zora_8_outline.pdf;;stans.pdf
724;;stans.pdf;;201953129zora_8_outline.pdf;;stans.pdf
725;;stans.pdf;;201953129zora_8_outline.pdf;;stans.pdf
726;;stans.pdf;;201953129zora_8_outline.pdf;;stans.pdf
727;;stans.pdf;;201953129zora_8_outline.pdf;;stans.pdf
728;;stans.pdf;;201953129zora_8_outline.pdf;;stans.pdf
729;;stans.pdf;;201953129zora_8_outline.pdf;;stans.pdf
730;;stans.pdf;;201953129zora_8_outline.pdf;;stans.pdf
731;;stans.pdf;;201953129zora_8_outline.pdf;;stans.pdf
732;;stans.pdf;;201953129zora_8_outline.pdf;;stans.pdf
733;;stans.pdf;;201953129zora_8_outline.pdf;;stans.pdf
734;;stans.pdf;;201953129zora_8_outline.pdf;;stans.pdf
735;;stans.pdf;;201953129zora_8_outline.pdf;;stans.pdf
736;;stans.pdf;;201953129zora_8_outline.pdf;;stans.pdf
737;;stans.pdf;;201953129zora_8_outline.pdf;;stans.pdf
738;;stans.pdf;;201953129zora_8_outline.pdf;;stans.pdf
739;;stans.pdf;;201953129zora_8_outline.pdf;;stans.pdf
740;;stans.pdf;;201953129zora_8_outline.pdf;;stans.pdf
741;;stans.pdf;;201953129zora_8_outline.pdf;;stans.pdf
742;;stans.pdf;;201953129zora_8_outline.pdf;;stans.pdf
743;;stans.pdf;;201953129zora_8_outline.pdf;;stans.pdf
744;;stans.pdf;;201953129zora_8_outline.pdf;;stans.pdf
745;;stans.pdf;;201953129zora_8_outline.pdf;;stans.pdf
746;;stans.pdf;;201953129zora_8_outline.pdf;;stans.pdf
747;;stans.pdf;;201953129zora_8_outline.pdf;;stans.pdf
748;;stans.pdf;;201953129zora_8_outline.pdf;;stans.pdf
749;;stans.pdf;;201953129zora_8_outline.pdf;;stans.pdf
750;;stans.pdf;;201953129zora_8_outline.pdf;;stans.pdf
751;;stans.pdf;;201953129zora_8_outline.pdf;;stans.pdf
752;;stans.pdf;;201953129zora_8_outline.pdf;;stans.pdf
753;;stans.pdf;;201953129zora_8_outline.pdf;;stans.pdf
754;;stans.pdf;;201953129zora_8_outline.pdf;;stans.pdf
755;;stans.pdf;;201953129zora_8_outline.pdf;;stans.pdf
756;;stans.pdf;;201953129zora_8_outline.pdf;;stans.pdf
757;;stans.pdf;;201953129zora_8_outline.pdf;;stans.pdf
758;;stans.pdf;;201953129zora_8_outline.pdf;;stans.pdf
759;;stans.pdf;;201953129zora_8_outline.pdf;;stans.pdf
760;;stans.pdf;;201953129zora_8_outline.pdf;;stans.pdf
761;;stans.pdf;;201953129zora_8_outline.pdf;;stans.pdf
762;;stans.pdf;;201953129zora_8_outline.pdf;;stans.pdf
763;;stans.pdf;;201953129zora_8_outline.pdf;;stans.pdf
764;;stans.pdf;;201953129zora_8_outline.pdf;;stans.pdf
765;;stans.pdf;;201953129zora_8_outline.pdf;;stans.pdf
766;;stans.pdf;;201953129zora_8_outline.pdf;;stans.pdf
767;;stans.pdf;;201953129zora_8_outline.pdf;;stans.pdf
768;;stans.pdf;;201953129zora_8_outline.pdf;;stans.pdf
769;;stans.pdf;;201953129zora_8_outline.pdf;;stans.pdf
770;;stans.pdf;;201953129zora_8_outline.pdf;;stans.pdf
771;;stans.pdf;;201953129zora_8_outline.pdf;;stans.pdf
772;;stans.pdf;;201953129zora_8_outline.pdf;;stans.pdf
773;;stans.pdf;;201953129zora_8_outline.pdf;;stans.pdf
774;;stans.pdf;;201953129zora_8_outline.pdf;;stans.pdf
775;;stans.pdf;;201953129zora_8_outline.pdf;;stans.pdf
776;;stans.pdf;;201953129zora_8_outline.pdf;;stans.pdf
777;;stans.pdf;;201953129zora_8_outline.pdf;;stans.pdf
778;;stans.pdf;;201953129zora_8_outline.pdf;;stans.pdf
779;;stans.pdf;;201953129zora_8_outline.pdf;;stans.pdf
780;;stans.pdf;;201953129zora_8_outline.pdf;;stans.pdf
781;;stans.pdf;;201953129zora_8_outline.pdf;;stans.pdf
782;;stans.pdf;;201953129zora_8_outline.pdf;;stans.pdf
783;;stans.pdf;;201953129zora_8_outline.pdf;;stans.pdf
784;;stans.pdf;;201953129zora_8_outline.pdf;;stans.pdf
785;;stans.pdf;;201953129zora_8_outline.pdf;;stans.pdf
786;;stans.pdf;;201953129zora_8_outline.pdf;;stans.pdf
787;;stans.pdf;;201953129zora_8_outline.pdf;;stans.pdf
788;;stans.pdf;;201953129zora_8_outline.pdf;;stans.pdf
789;;stans.pdf;;201953129zora_8_outline.pdf;;stans.pdf
790;;stans.pdf;;201953129zora_8_outline.pdf;;stans.pdf
791;;stans.pdf;;201953129zora_8_outline.pdf;;stans.pdf
792;;stans.pdf;;201953129zora_8_outline.pdf;;stans.pdf
793;;stans.pdf;;201953129zora_8_outline.pdf;;stans.pdf
794;;stans.pdf;;201953129zora_8_outline.pdf;;stans.pdf
795;;stans.pdf;;201953129zora_8_outline.pdf;;stans.pdf
796;;stans.pdf;;201953129zora_8_outline.pdf;;stans.pdf
797;;stans.pdf;;201953129zora_8_outline.pdf;;stans.pdf
798;;stans.pdf;;201953129zora_8_outline.pdf;;stans.pdf
799;;stans.pdf;;201953129zora_8_outline.pdf;;stans.pdf
800;;stans.pdf;;201953129zora_8_outline.pdf;;stans.pdf
801;;stans.pdf;;201953129zora_8_outline.pdf;;stans.pdf
802;;stans.pdf;;201953129zora_8_outline.pdf;;stans.pdf
803;;stans.pdf;;201953129zora_8_outline.pdf;;stans.pdf
804;;stans.pdf;;201953129zora_8_outline.pdf;;stans.pdf
805;;stans.pdf;;201953129zora_8_outline.pdf;;stans.pdf
806;;stans.pdf;;201953129zora_8_outline.pdf;;stans.pdf
807;;stans.pdf;;201953129zora_8_outline.pdf;;stans.pdf
808;;stans.pdf;;201953129zora_8_outline.pdf;;stans.pdf
809;;stans.pdf;;201953129zora_8_outline.pdf;;stans.pdf
810;;stans.pdf;;201953129zora_8_outline.pdf;;stans.pdf
811;;stans.pdf;;201953129zora_8_outline.pdf;;stans.pdf
812;;stans.pdf;;201953129zora_8_outline.pdf;;stans.pdf
813;;stans.pdf;;201953129zora_8_outline.pdf;;stans.pdf
814;;stans.pdf;;201953129zora_8_outline.pdf;;stans.pdf
815;;stans.pdf;;201953129zora_8_outline.pdf;;stans.pdf
816;;stans.pdf;;201953129zora_8_outline.pdf;;stans.pdf
817;;stans.pdf;;201953129zora_8_outline.pdf;;stans.pdf
818;;stans.pdf;;201953129zora_8_outline.pdf;;stans.pdf
819;;stans.pdf;;201953129zora_8_outline.pdf;;stans.pdf
820;;stans.pdf;;201953129zora_8_outline.pdf;;stans.pdf
821;;stans.pdf;;201953129zora_8_outline.pdf;;stans.pdf
822;;stans.pdf;;201953129zora_8_outline.pdf;;stans.pdf
823;;stans.pdf;;201953129zora_8_outline.pdf;;stans.pdf
824;;stans.pdf;;201953129zora_8_outline.pdf;;stans.pdf
825;;stans.pdf;;201953129zora_8_outline.pdf;;stans.pdf
826;;stans.pdf;;201953129zora_8_outline.pdf;;stans.pdf
827;;stans.pdf;;201953129zora_8_outline.pdf;;stans.pdf
828;;stans.pdf;;201953129zora_8_outline.pdf;;stans.pdf
829;;stans.pdf;;201953129zora_8_outline.pdf;;stans.pdf
830;;stans.pdf;;201953129zora_8_outline.pdf;;stans.pdf
831;;stans.pdf;;201953129zora_8_outline.pdf;;stans.pdf
832;;stans.pdf;;201953129zora_8_outline.pdf;;stans.pdf
833;;stans.pdf;;201953129zora_8_outline.pdf;;stans.pdf
834;;stans.pdf;;201953129zora_8_outline.pdf;;stans.pdf
835;;stans.pdf;;201953129zora_8_outline.pdf;;stans.pdf
836;;stans.pdf;;201953129zora_8_outline.pdf;;stans.pdf
837;;stans.pdf;;201953129zora_8_outline.pdf;;stans.pdf
838;;stans.pdf;;201953129zora_8_outline.pdf;;stans.pdf
839;;stans.pdf;;201953129zora_8_outline.pdf;;stans.pdf
840;;stans.pdf;;201953129zora_8_outline.pdf;;stans.pdf
841;;stans.pdf;;201953129zora_8_outline.pdf;;stans.pdf
842;;stans.pdf;;201953129zora_8_outline.pdf;;stans.pdf
843;;stans.pdf;;201953129zora_8_outline.pdf;;stans.pdf
844;;stans.pdf;;201953129zora_8_outline.pdf;;stans.pdf
845;;stans.pdf;;201953129zora_8_outline.pdf;;stans.pdf
846;;stans.pdf;;201953129zora_8_outline.pdf;;stans.pdf
847;;stans.pdf;;201953129zora_8_outline.pdf;;stans.pdf
848;;stans.pdf;;201953129zora_8_outline.pdf;;stans.pdf
849;;stans.pdf;;201953129zora_8_outline.pdf;;stans.pdf
850;;stans.pdf;;201953129zora_8_outline.pdf;;stans.pdf
851;;stans.pdf;;201953129zora_8_outline.pdf;;stans.pdf
852;;stans.pdf;schwarz: 420 etiketten;leeg.pdf;;stans.pdf
0;;stans.pdf;;stans.pdf;;stans.pdf
0;;stans.pdf;;stans.pdf;;stans.pdf
0;;stans.pdf;;stans.pdf;;stans.pdf
0;;stans.pdf;;stans.pdf;;stans.pdf
0;;stans.pdf;;stans.pdf;;stans.pdf
0;;stans.pdf;;stans.pdf;;stans.pdf
0;;stans.pdf;;stans.pdf;;stans.pdf
0;;stans.pdf;;stans.pdf;;stans.pdf
0;;stans.pdf;;stans.pdf;;stans.pdf
0;;stans.pdf;;stans.pdf;;stans.pdf
0;;stans.pdf;;stans.pdf;;stans.pdf
0;;stans.pdf;;stans.pdf;;stans.pdf
0;;stans.pdf;;stans.pdf;;stans.pdf
0;;stans.pdf;;stans.pdf;;stans.pdf
0;;stans.pdf;;stans.pdf;;stans.pdf
0;;stans.pdf;;stans.pdf;;stans.pdf
0;;stans.pdf;;stans.pdf;;stans.pdf
0;;stans.pdf;;stans.pdf;;stans.pdf
0;;stans.pdf;;stans.pdf;;stans.pdf
0;;stans.pdf;;stans.pdf;;stans.pdf
0;;stans.pdf;;stans.pdf;;stans.pdf
0;;stans.pdf;;stans.pdf;;stans.pdf
0;;stans.pdf;;stans.pdf;;stans.pdf
0;;stans.pdf;;stans.pdf;;stans.pdf
0;;stans.pdf;;stans.pdf;;stans.pdf
0;;stans.pdf;;stans.pdf;;stans.pdf
0;;stans.pdf;;stans.pdf;;stans.pdf
0;;stans.pdf;;stans.pdf;;stans.pdf
0;;stans.pdf;;stans.pdf;;stans.pdf
0;;stans.pdf;;stans.pdf;;stans.pdf
0;;stans.pdf;;stans.pdf;;stans.pdf
0;;stans.pdf;;stans.pdf;;stans.pdf
0;;stans.pdf;;stans.pdf;;stans.pdf
0;;stans.pdf;;stans.pdf;;stans.pdf
0;;stans.pdf;;stans.pdf;;stans.pdf
0;;stans.pdf;;stans.pdf;;stans.pdf
0;;stans.pdf;;stans.pdf;;stans.pdf
0;;stans.pdf;;stans.pdf;;stans.pdf
0;;stans.pdf;;stans.pdf;;stans.pdf
0;;stans.pdf;;stans.pdf;;stans.pdf
0;;stans.pdf;;stans.pdf;;stans.pdf
0;;stans.pdf;;stans.pdf;;stans.pdf
0;;stans.pdf;;stans.pdf;;stans.pdf
0;;stans.pdf;;stans.pdf;;stans.pdf
0;;stans.pdf;;stans.pdf;;stans.pdf
0;;stans.pdf;;stans.pdf;;stans.pdf
0;;stans.pdf;;stans.pdf;;stans.pdf
0;;stans.pdf;;stans.pdf;;stans.pdf
0;;stans.pdf;;stans.pdf;;stans.pdf
0;;stans.pdf;;stans.pdf;;stans.pdf
0;;stans.pdf;;stans.pdf;;stans.pdf
0;;stans.pdf;;stans.pdf;;stans.pdf
0;;stans.pdf;;stans.pdf;;stans.pdf
0;;stans.pdf;;stans.pdf;;stans.pdf
0;;stans.pdf;;stans.pdf;;stans.pdf
0;;stans.pdf;;stans.pdf;;stans.pdf
0;;stans.pdf;;stans.pdf;;stans.pdf
0;;stans.pdf;;stans.pdf;;stans.pdf
0;;stans.pdf;;stans.pdf;;stans.pdf
0;;stans.pdf;;stans.pdf;;stans.pdf
0;;stans.pdf;;stans.pdf;;stans.pdf
0;;stans.pdf;;stans.pdf;;stans.pdf
0;;stans.pdf;;stans.pdf;;stans.pdf
0;;stans.pdf;;stans.pdf;;stans.pdf
0;;stans.pdf;;stans.pdf;;stans.pdf
0;;stans.pdf;;stans.pdf;;stans.pdf
0;;stans.pdf;;stans.pdf;;stans.pdf
0;;stans.pdf;;stans.pdf;;stans.pdf
0;;stans.pdf;;stans.pdf;;stans.pdf
0;;stans.pdf;;stans.pdf;;stans.pdf
0;;stans.pdf;;stans.pdf;;stans.pdf
0;;stans.pdf;;stans.pdf;;stans.pdf
0;;stans.pdf;;stans.pdf;;stans.pdf
0;;stans.pdf;;stans.pdf;;stans.pdf
0;;stans.pdf;;stans.pdf;;stans.pdf
0;;stans.pdf;;stans.pdf;;stans.pdf
0;;stans.pdf;;stans.pdf;;stans.pdf
0;;stans.pdf;;stans.pdf;;stans.pdf
0;;stans.pdf;;stans.pdf;;stans.pdf
0;;stans.pdf;;stans.pdf;;stans.pdf
0;;stans.pdf;;stans.pdf;;stans.pdf
0;;stans.pdf;;stans.pdf;;stans.pdf
0;;stans.pdf;;stans.pdf;;stans.pdf
0;;stans.pdf;;stans.pdf;;stans.pdf
0;;stans.pdf;;stans.pdf;;stans.pdf
0;;stans.pdf;;stans.pdf;;stans.pdf
0;;stans.pdf;;stans.pdf;;stans.pdf
0;;stans.pdf;;stans.pdf;;stans.pdf
0;;stans.pdf;;stans.pdf;;stans.pdf
0;;stans.pdf;;stans.pdf;;stans.pdf
0;;stans.pdf;;stans.pdf;;stans.pdf
0;;stans.pdf;;stans.pdf;;stans.pdf
0;;stans.pdf;;stans.pdf;;stans.pdf
0;;stans.pdf;;stans.pdf;;stans.pdf
0;;stans.pdf;;stans.pdf;;stans.pdf
0;;stans.pdf;;stans.pdf;;stans.pdf
0;;stans.pdf;;stans.pdf;;stans.pdf
0;;stans.pdf;;stans.pdf;;stans.pdf
0;;stans.pdf;;stans.pdf;;stans.pdf
0;;stans.pdf;;stans.pdf;;stans.pdf
0;blutrot: 26 etiketten;leeg.pdf;blutrot: 420 etiketten;leeg.pdf;schwarz: 210 etiketten;leeg.pdf
1;;201953129zora_5_outline.pdf;;201953129zora_2_outline.pdf;;201953129zora_9_outline.pdf
2;;201953129zora_5_outline.pdf;;201953129zora_2_outline.pdf;;201953129zora_9_outline.pdf
3;;201953129zora_5_outline.pdf;;201953129zora_2_outline.pdf;;201953129zora_9_outline.pdf
4;;201953129zora_5_outline.pdf;;201953129zora_2_outline.pdf;;201953129zora_9_outline.pdf
5;;201953129zora_5_outline.pdf;;201953129zora_2_outline.pdf;;201953129zora_9_outline.pdf
6;;201953129zora_5_outline.pdf;;201953129zora_2_outline.pdf;;201953129zora_9_outline.pdf
7;;201953129zora_5_outline.pdf;;201953129zora_2_outline.pdf;;201953129zora_9_outline.pdf
8;;201953129zora_5_outline.pdf;;201953129zora_2_outline.pdf;;201953129zora_9_outline.pdf
